participant_code,player.payoff_Q1,player.payoff_Q2,player.payoff_Q3,player.payoff_Q4,player.payoff_Q5,player.payoff_Q6,player.payoff_Q7,player.payoff_Q8,player.payoff_Q9,player.payoff_Q10,player.payoff_Q11,player.payoff_Q12
u8neqpub,10,9,9,9,9,9,9,9,9,9,9,10
hs5epb6h,11,11,11,11,11,11,11,11,11,11,11,11
s31rghh0,10,10,10,10,10,10,11,10,10,10,10,10
t8mthsac,10,10,10,10,10,10,10,10,10,10,10,11
g3n81br1,11,11,11,11,11,11,11,11,11,11,11,11
1zxkvcbn,8,8,8,8,8,8,8,9,8,8,9,9
knt6bs1o,8,9,8,8,8,8,8,9,8,8,8,9
urtfe0gt,6,6,6,7,6,7,6,7,6,7,7,6
hgmfbowp,6,5,6,5,5,5,6,6,5,5,6,6
um877c6y,10,10,10,10,10,10,10,10,10,11,10,10
fd0pjpl6,7,7,6,6,6,6,6,7,6,7,6,7
qab5ojsz,11,11,11,11,11,11,11,11,11,11,11,11
p4944w8u,11,11,11,11,11,11,11,11,11,11,11,11
51tlabla,11,11,11,11,11,11,11,11,11,11,11,11
knqvbawf,10,9,9,9,9,9,9,9,9,9,9,10
doztziad,8,7,7,7,7,7,7,8,8,7,8,7
jwvvgq1p,10,10,10,10,10,10,10,10,10,10,10,11
6y3fcpqc,11,11,11,11,11,11,11,11,11,11,11,11
kl3jmsa7,8,8,8,8,8,8,9,8,8,8,9,9
c82eufke,10,9,9,9,9,9,9,9,9,9,9,10
m37f0uhk,9,9,9,9,9,9,9,9,9,10,9,10
qz37893j,9,9,9,9,9,9,9,9,9,10,9,10
29go8wqj,11,11,11,11,11,11,11,11,11,11,11,11
gwsyzdnr,7,7,6,7,6,6,6,7,6,7,6,6
q1ljacdo,9,9,9,9,9,9,9,10,9,10,9,9
9ph1p4li,4,3,3,4,4,4,4,4,3,3,4,4
wubp5eoe,9,9,9,9,9,9,10,9,9,9,9,10
y42uim9y,5,5,5,5,6,5,6,5,6,6,6,6
7lgvau40,10,10,10,10,10,10,10,11,10,10,10,10
7zz4wq8n,5,4,4,5,5,4,4,5,5,5,4,5
661sy8xj,10,10,10,10,10,10,10,10,10,11,10,10
bvq5sp9r,10,10,10,10,10,10,10,10,10,10,10,11
719fsc4m,10,9,9,9,9,9,9,9,9,9,9,10
o9fexw9j,6,6,6,6,6,5,5,5,5,6,5,5
szvauh5h,9,9,9,9,9,9,10,10,9,9,9,9
ime7j3zc,10,10,10,10,10,10,10,10,10,10,10,11
dzv5jq6g,8,8,8,8,8,8,8,9,8,8,9,9
7746bxgt,7,7,7,8,7,7,7,8,7,8,8,7
0nts58x6,11,11,11,11,11,11,11,11,11,11,11,11
78x65z4g,11,11,11,11,11,11,11,11,11,11,11,11
newepstp,9,10,9,9,9,9,9,10,9,9,9,9
mp349oqd,8,8,8,8,8,8,8,8,8,9,9,9
3vhhjydy,10,10,10,10,10,10,10,10,10,10,10,11
b83chy81,9,9,9,10,9,9,9,9,9,10,9,9
chbm7523,4,4,3,4,3,4,3,4,3,4,4,4
j3gei7ws,11,11,11,11,11,11,11,11,11,11,11,11
mb10ijsd,10,10,10,10,10,10,10,10,10,10,10,11
85q2mnx4,9,9,9,9,9,9,9,9,9,10,9,10
kykby947,10,10,10,10,10,10,10,10,10,10,11,10
nvrmqqna,8,7,8,8,7,7,7,7,7,7,7,8
hqulmbmv,11,11,11,11,11,11,11,11,11,11,11,11
cdvwu94r,9,10,9,9,9,9,9,9,9,9,9,10
67twueaz,4,3,4,3,3,4,3,4,4,4,4,4
d9izgfxy,10,10,10,10,10,10,10,10,10,10,10,11
flwbtntv,7,7,6,6,6,6,6,7,7,6,6,7
ydbzysor,10,10,10,10,10,10,10,10,10,10,10,11
awaobb07,6,6,7,6,7,6,7,6,6,6,7,7
punmb7td,9,9,9,9,9,9,9,9,9,10,9,10
dt8dyxki,5,5,4,4,4,4,4,5,5,5,5,5
mttg9p8v,6,7,7,6,6,6,6,6,6,7,7,7
8xqv3p03,11,11,11,11,11,11,11,11,11,11,11,11
fxb02re5,7,7,7,7,7,7,7,8,8,8,7,8
dh1jvezl,9,9,9,9,10,9,9,9,9,9,9,10
k30m7zzz,2,2,3,3,3,3,3,3,3,3,3,2
qf34anpg,11,11,11,11,11,11,11,11,11,11,11,11
mhrdxxou,11,11,11,11,11,11,11,11,11,11,11,11
vj7zfbtg,8,8,8,8,9,8,8,8,9,9,8,8
poyrt7mw,4,4,5,5,5,4,4,5,4,5,5,5
d3dik3hj,9,9,9,9,9,9,9,9,9,10,9,10
fqtjjqyn,8,8,8,8,8,8,8,8,8,9,9,9
nzjiwcxq,4,3,4,4,4,4,3,4,3,4,3,4
dhgqwtr4,5,5,4,4,4,4,5,5,4,5,5,5
mcw9sv4n,3,3,3,4,4,4,3,4,4,4,4,4
sgv83ass,10,10,10,10,10,10,10,10,10,10,10,11
mpmkasf6,11,11,11,11,11,11,11,11,11,11,11,11
8ls3vc1n,8,8,8,8,8,8,8,8,8,9,9,9
71rv8ilv,7,6,6,6,7,6,6,7,6,7,6,7
xgf4lps1,7,7,7,7,7,7,7,8,7,8,8,8
l2e3kmsd,6,6,5,5,6,5,5,5,6,6,5,6
leh8omnl,11,11,11,11,11,11,11,11,11,11,11,11
b10cebxh,8,8,7,7,7,7,7,8,7,7,7,8
w9blgaah,4,4,5,4,4,5,5,5,5,4,5,5
ajcry3ze,11,11,11,11,11,11,11,11,11,11,11,11
ewy1ous0,2,2,3,3,3,3,3,3,2,3,3,3
yw7p5bb3,9,9,9,9,9,9,9,9,9,9,10,10
78kpldtj,10,10,10,10,10,10,10,10,10,10,10,11
2jyv1clr,7,8,7,8,7,7,7,8,7,8,7,7
p8qg4sh0,5,5,5,4,5,4,4,5,4,4,5,5
my164i2o,10,10,10,10,10,10,10,10,10,11,10,10
p6sjpcbh,8,8,8,9,8,8,9,9,8,8,8,8
2zqhig9u,8,7,8,7,7,7,7,8,7,7,7,8
pl0yvc4r,11,11,11,11,11,11,11,11,11,11,11,11
y9f5mjgx,3,4,4,3,4,3,4,4,4,3,4,4
lvpjbl6e,11,11,11,11,11,11,11,11,11,11,11,11
wyw2hyvt,4,4,4,5,4,4,5,5,5,5,5,5
nexec6c5,11,11,11,11,11,11,11,11,11,11,11,11
5341e1og,10,10,10,10,10,10,10,10,10,10,11,10
w3b5pjv3,10,10,10,10,10,10,10,11,10,10,10,10
eanpqujl,9,9,9,9,9,9,9,9,10,10,9,9
3asr1qbw,7,8,7,7,7,7,7,7,8,8,8,7
1ib2t6t7,6,6,5,5,5,5,5,6,6,6,5,6
9nvkw16z,9,9,9,9,9,9,9,10,9,10,9,9
mlgenm7d,6,7,6,6,6,6,6,7,7,7,6,7
zo4qx2nu,11,11,11,11,11,11,11,11,11,11,11,11
dwy882wf,11,11,11,11,11,11,11,11,11,11,11,11
kta67vou,8,8,8,8,8,8,8,9,9,8,9,8
b2lyx61m,2,2,2,2,2,1,2,1,2,2,2,2
cwfk8fvm,5,5,5,6,5,5,5,6,6,6,6,6
wkqooepx,11,11,11,11,11,11,11,11,11,11,11,11
3mxdov9g,6,6,5,6,5,5,5,6,5,6,5,6
igv8tzgg,7,8,7,7,7,7,7,8,7,8,7,8
y53tq7rf,3,4,4,3,4,4,3,3,4,4,4,4
cxg1kriq,10,9,9,9,9,9,9,9,9,9,9,10
3cib9mvi,9,9,9,9,9,9,9,10,9,9,9,10
9286d5oo,7,7,7,8,7,7,7,8,7,7,8,8
0aqvrav8,9,9,9,9,9,9,9,10,9,10,9,9
619i7s6k,9,9,9,9,9,9,9,9,9,10,9,10
sz92gqom,6,6,5,5,5,5,6,6,6,5,5,6
nniwfrwq,10,10,10,10,10,10,10,10,10,10,10,11
6h7k3xa1,11,11,11,11,11,11,11,11,11,11,11,11
2pnr6ur7,10,10,10,10,10,10,10,10,10,10,10,11
m1vgyjqv,11,11,11,11,11,11,11,11,11,11,11,11
q0tpevrm,4,4,3,3,3,3,4,4,4,4,4,4
afan4w14,9,9,9,9,9,9,9,10,9,9,9,10
rq982ont,5,5,4,4,4,4,5,5,5,4,5,5
wkpos09w,4,5,5,4,4,5,4,5,5,5,4,5
8i0fmv7v,11,11,11,11,11,11,11,11,11,11,11,11
yls08jh6,10,10,10,10,10,10,10,10,10,10,10,11
bbaommrg,11,11,11,11,11,11,11,11,11,11,11,11
7lpcr8ly,6,5,5,6,5,5,5,6,5,6,6,6
mlcnp33l,11,11,11,11,11,11,11,11,11,11,11,11
5kpxchrr,10,10,10,10,10,10,10,10,10,10,10,11
mzzm1nsj,7,7,7,7,7,8,7,8,7,8,7,8
jpw60co9,3,3,3,2,2,3,3,3,2,3,3,3
lpsg5uf8,7,7,7,6,6,7,6,6,6,7,6,6
f4d3twco,10,10,10,10,10,10,10,11,10,10,10,10
uape7n26,8,9,8,8,8,8,8,9,8,9,8,8
d6x0sl31,7,7,6,6,6,6,6,7,6,6,7,7
sl35abcq,10,10,10,10,10,10,10,10,10,10,10,11
azksu4qm,11,11,11,11,11,11,11,11,11,11,11,11
4nqxavdq,7,6,6,6,6,7,7,6,6,6,7,7
idnd9ms2,7,6,6,6,6,6,6,6,7,7,7,7
hmpejwti,11,11,11,11,11,11,11,11,11,11,11,11
kaoovgtv,10,10,10,10,10,10,10,10,10,10,10,11
ib2n69j9,0,0,0,0,0,0,0,0,0,0,0,0
e80b5692,4,4,3,3,4,3,3,4,4,4,4,4
jfj3s4tx,9,8,8,8,8,8,8,8,9,8,8,9
53e9uro5,11,11,11,11,11,11,11,11,11,11,11,11
kw08vi4i,8,7,7,7,8,7,7,7,7,7,8,8
4imzaxsx,10,10,10,10,10,10,10,10,10,11,10,10
97ckhs3m,9,9,9,9,9,9,9,9,9,9,10,10
svgqaee8,9,9,9,9,9,9,9,10,9,10,9,9
nuxs7w13,1,1,1,1,1,0,1,1,1,1,1,1
r6kg3u61,11,11,11,11,11,11,11,11,11,11,11,11
00f41hif,9,9,9,9,9,9,9,10,9,9,9,10
u6h8ym5d,10,10,10,10,10,10,10,10,10,10,10,11
fid1g02d,3,2,3,3,3,3,3,3,2,2,3,3
zltx6x3a,8,8,8,9,8,8,8,9,8,8,8,9
opt9bsti,9,9,9,9,9,9,9,9,9,10,9,10
xdn1kyqc,10,10,10,10,10,10,10,10,10,10,11,10
4w8si5lz,6,5,6,5,5,5,6,6,5,5,6,6
j8ktsq27,11,11,11,11,11,11,11,11,11,11,11,11
fjg5fe4c,9,10,9,9,9,9,9,9,10,9,9,9
c60ez4qf,1,1,1,1,0,1,1,1,1,1,1,1
l3inlj3y,9,9,9,9,9,9,9,9,9,9,10,10
8veahl0t,10,9,9,9,9,9,9,9,9,9,9,10
y8w2mo94,6,6,6,7,7,7,7,6,6,6,6,7
7n8hmj4n,6,7,7,6,6,6,6,7,7,7,6,6
o0ch7wco,11,11,11,11,11,11,11,11,11,11,11,11
6zgx99xn,9,8,8,8,8,8,8,8,8,8,9,9
gblpzjia,9,9,9,9,9,9,9,9,9,9,10,10
mhu3c665,5,6,5,6,5,5,5,6,6,6,5,6
jzin4wu4,3,4,3,3,3,4,4,4,4,4,4,4
bbxs02f3,9,9,9,9,9,9,9,10,9,9,9,10
hnbwwzf1,10,9,9,9,9,9,9,9,9,9,9,10
rbmxl6pc,11,11,11,11,11,11,11,11,11,11,11,11
yyd11cri,2,2,2,1,1,2,2,2,2,2,2,2
ubosqypd,7,6,7,6,6,6,6,7,6,7,6,7
gqkwu7xu,7,8,7,7,7,7,7,7,8,8,8,7
q2g7lq56,10,10,10,10,10,10,10,10,10,10,10,11
sdncn2e2,10,10,10,10,10,10,10,10,10,11,10,10
won7l0n8,10,10,10,10,10,10,10,10,10,10,10,11
lk5hrizo,10,10,10,10,10,10,10,10,10,10,10,11
qw5zwdfx,10,9,9,9,9,9,9,9,9,9,9,10
o3g86c4q,10,10,10,10,10,10,10,10,10,10,10,11
jipp2kjr,9,9,9,9,10,9,9,9,9,10,9,9
txcwkpgm,5,4,4,4,5,4,5,5,5,4,5,5
ma4qagb4,8,7,7,7,7,7,7,8,7,8,7,8
0c4c5dnf,9,9,9,9,9,9,9,10,9,10,9,9
tbb9zwn0,10,10,10,10,10,10,10,10,10,10,10,11
onhesb9i,10,10,10,10,10,10,10,10,10,10,10,11
l95zx2qj,4,4,5,4,4,4,5,5,5,5,5,5
urqyrd34,11,11,11,11,11,11,11,11,11,11,11,11
e8zmi4dp,9,8,8,8,8,8,8,8,8,9,8,9
4qmk16b8,9,9,9,9,9,9,9,9,9,10,9,10
waicfe0l,11,11,11,11,11,11,11,11,11,11,11,11
iprah49t,7,7,7,7,7,7,7,8,7,8,8,8
wx36tllg,7,8,7,7,7,7,8,8,7,7,8,7
utz9z50j,5,5,4,5,5,4,5,5,4,4,4,5
ieah2wr6,10,10,10,10,10,10,10,10,10,11,10,10
5bobhvnc,7,7,7,8,8,7,7,8,7,7,7,8
jrhq69d8,5,5,5,4,5,4,5,4,5,4,4,5
f6i43w4y,10,10,10,10,10,11,10,10,10,10,10,10
x1habtb1,8,9,8,8,8,8,8,8,8,9,8,9
gug446d7,9,9,9,10,9,9,9,9,9,9,9,10
pxakoqpn,8,7,8,7,8,7,7,8,7,7,7,7
l79qvcph,6,6,6,7,6,6,6,7,7,7,6,7
yy424w14,10,10,10,10,10,10,10,10,10,10,10,11
tnqj6yvd,7,6,7,6,6,6,7,7,6,6,6,7
dzm1kqpn,10,10,10,10,10,10,10,10,10,10,10,11
cs8eb4ts,11,11,11,11,11,11,11,11,11,11,11,11
k18pk6dr,10,10,10,10,10,10,10,10,10,10,10,11
o60qcpwh,11,11,11,11,11,11,11,11,11,11,11,11
viuzs06i,7,8,7,7,7,7,7,8,7,8,7,8
ob2uqetv,8,7,7,7,7,7,7,8,7,8,7,8
6p7fgysp,3,3,2,3,2,3,2,3,3,3,3,3
v7j0zsrl,10,10,10,10,10,10,10,10,10,10,10,11
8bm87toe,10,10,10,10,10,10,10,11,10,10,10,10
1r8r7j3j,9,9,9,9,9,9,9,10,9,9,9,10
zc5q2k3e,10,10,10,10,10,10,10,11,10,10,10,10
r3inmrdn,9,9,9,9,9,9,10,9,9,9,9,10
oglnrnr2,9,9,9,10,9,9,9,10,9,9,9,9
6m42mvsb,4,5,4,5,4,4,5,5,4,5,5,5
gmenr6i0,10,10,10,10,10,10,10,10,10,10,10,11
jfx2exkk,11,11,11,11,11,11,11,11,11,11,11,11
ihxtil25,9,10,9,9,9,9,9,9,9,9,9,10
8qk47b1u,11,11,11,11,11,11,11,11,11,11,11,11
g70j8x4c,10,10,10,10,10,10,10,11,10,10,10,10
wu7604em,6,6,5,6,5,5,5,6,5,6,5,6
6st8yhz5,8,8,7,7,7,7,8,7,7,7,7,8
hn4r9a23,8,7,8,7,7,7,7,7,7,8,7,8
af6q22y8,10,10,10,10,10,10,10,10,10,10,10,11
d6s5h1mo,9,9,9,9,9,9,9,10,9,9,9,10
bnshdbk9,5,5,5,4,4,4,5,4,5,5,4,5
xugz05p0,9,9,9,9,9,9,9,9,9,9,10,10
95spozkd,11,11,11,11,11,11,11,11,11,11,11,11
z13igtbt,10,10,10,10,10,10,10,10,10,10,10,11
eahst9t2,7,6,6,6,6,6,6,6,7,7,7,7
yojpfwc2,10,9,9,9,9,9,9,9,9,9,9,10
71qepyo0,9,9,9,9,9,9,9,9,9,10,9,10
05sh2kt3,11,11,11,11,11,11,11,11,11,11,11,11
f3av9gsf,7,7,6,6,6,6,6,7,6,6,7,7
7ljjrjev,10,10,10,10,10,10,10,10,10,10,10,11
jv7zcm1n,6,6,6,5,6,5,5,5,5,6,5,6
nih1xa82,8,8,8,9,8,8,9,8,8,8,8,9
zkd1hhc6,7,7,6,6,6,6,6,6,6,7,7,7
w4frvtef,11,11,11,11,11,11,11,11,11,11,11,11
5fnzedyg,9,8,8,8,8,8,8,8,8,9,8,9
a53oq8m2,10,9,9,9,9,9,9,9,9,9,9,10
sd71plhw,10,10,10,10,10,10,10,10,10,10,10,11
nhnej7c9,10,10,10,10,10,10,10,10,10,10,11,10
3r7qnwlx,11,11,11,11,11,11,11,11,11,11,11,11
13la8jfr,5,5,5,4,4,4,4,5,4,5,5,5
jfgnw7ut,6,6,5,5,5,5,5,6,5,6,6,6
eer5o6wj,0,1,1,1,1,1,1,1,1,1,1,1
eymgpqmp,7,6,7,6,6,6,7,6,6,7,6,7
qzabyiut,9,9,9,10,9,9,9,9,9,9,9,10
wu8te4ug,10,10,10,10,10,10,10,10,10,10,10,11
ixpeshvx,10,9,9,9,9,9,9,9,9,9,9,10
672wu1n8,8,8,9,9,8,8,8,8,8,9,8,8
efmlqijg,10,10,10,10,10,10,10,10,10,10,11,10
1mow4g3h,10,10,10,10,10,10,10,10,10,10,10,11
81158lru,11,11,11,11,11,11,11,11,11,11,11,11
d618p5x8,10,10,10,10,10,10,10,10,11,10,10,10
v2eoq73r,10,10,10,10,10,10,10,10,10,11,10,10
qwykjr3a,10,10,10,10,10,10,10,10,10,10,10,11
5z5at3ck,9,8,8,8,8,8,8,9,8,8,8,9
qwjc25k3,11,11,11,11,11,11,11,11,11,11,11,11
lensqajj,7,8,7,7,8,7,7,8,7,7,7,8
3o76985j,11,11,11,11,11,11,11,11,11,11,11,11
ug98i3o0,2,3,3,3,3,2,2,3,3,3,3,3
uwm7lg6h,10,10,10,10,10,10,10,11,10,10,10,10
1ohcgnlw,11,11,11,11,11,11,11,11,11,11,11,11
avktyqa1,9,9,9,9,9,9,9,10,9,9,9,10
m25lk57p,7,7,7,7,8,7,7,7,8,8,7,8
96o6hitp,6,5,5,5,5,6,6,5,5,6,6,6
b716vsu8,8,8,8,9,8,8,8,8,8,9,8,9
6va165hn,9,9,9,9,9,9,9,9,9,10,9,10
whkurwmq,8,7,8,7,7,7,7,8,7,7,7,8
5edsyqsh,9,9,9,9,9,9,9,9,9,9,10,10
a6e0vd8a,9,9,9,10,9,9,9,9,9,9,9,10
hmbxcl2g,10,10,10,10,10,10,10,10,10,10,10,11
kw3yvbc0,4,4,5,5,5,5,4,4,5,4,5,5
n7o95gyd,9,9,10,9,9,9,9,9,9,9,9,10
gz9z2gr6,9,9,9,9,9,9,9,9,10,10,9,9
htd52aev,1,1,1,1,1,1,0,1,1,1,1,1
3ghml26z,10,10,10,10,10,10,10,10,10,10,10,11
cquy9vk8,10,10,10,10,10,10,10,10,10,10,10,11
assh1xqn,4,4,4,3,4,3,3,4,4,4,3,4
zvvavfew,10,10,10,10,10,10,10,10,10,10,10,11
g93ioxli,7,6,7,6,6,6,6,7,6,7,6,7
0s89hgxq,8,8,8,9,8,8,8,9,8,9,8,8
zrpyxu73,2,2,2,1,2,2,2,2,1,2,2,2
9o4kpgfy,4,4,4,3,4,3,4,3,4,3,4,4
eds9k8c3,8,9,8,8,8,8,8,9,8,8,8,9
zu9xsn1z,9,8,8,8,8,8,8,8,8,8,9,9
stxxlsek,4,4,3,4,4,4,3,4,4,4,3,3
r0nziv50,8,8,7,7,7,7,7,7,7,7,8,8
3buq3ggx,8,7,7,7,7,7,8,7,7,7,8,8
ct6pavqe,11,10,10,10,10,10,10,10,10,10,10,10
3bsz1sp7,9,9,9,9,9,9,9,10,9,9,9,10
0c50marp,10,10,10,10,10,10,10,10,11,10,10,10
w4wtmpqa,10,10,10,10,10,10,10,10,10,10,11,10
sxblm71c,6,7,6,6,6,6,6,7,7,7,7,6
vyp3lf7p,9,9,9,9,9,9,9,9,9,10,9,10
3d56h9sa,10,10,10,10,10,10,10,10,10,10,10,11
gyrrdfqq,9,9,9,9,9,9,9,10,9,9,9,10
10cfooir,9,9,9,9,10,9,9,9,9,9,9,10
u5k2yr1l,6,5,5,5,5,5,5,6,6,6,6,6
nqnd19ug,2,3,3,3,2,2,3,3,3,3,3,3
rs84251k,3,3,3,4,3,4,4,4,4,4,4,4
qjwcljrj,9,8,8,8,8,8,8,9,8,8,8,9
2fgcsbk0,6,5,6,5,5,5,5,5,6,6,6,6
6w42mhkj,7,6,6,6,6,6,6,7,6,7,7,7
j587hvn4,11,11,11,11,11,11,11,11,11,11,11,11
m7aoec9g,9,9,9,10,9,9,9,9,9,9,9,10
z00p7ho0,4,4,4,5,4,4,5,5,5,5,5,5
6tz2g1ru,9,9,9,9,9,9,9,9,10,10,9,9
i2amw9ek,8,7,7,8,8,7,7,7,7,7,7,8
kb7fono6,10,10,10,10,10,10,10,10,10,10,11,10
ybzvub41,9,9,9,9,9,9,9,10,9,9,10,9
dn37bew2,4,4,4,3,3,3,4,4,4,3,4,4
9xxnyucm,6,7,6,6,6,6,6,7,7,7,7,6
khdukolm,5,5,5,5,5,6,6,6,6,5,6,6
ciwv28ze,5,5,5,6,5,6,5,6,6,6,5,6
4gn9bb4x,9,9,9,9,9,9,9,9,9,9,10,10
affhk7da,6,6,5,5,5,5,6,5,6,5,6,6
ih73owh5,7,6,6,7,6,6,7,7,6,6,7,6
fiyoqwff,7,7,7,7,7,7,8,7,7,8,8,8
of29rfjf,10,10,10,10,10,10,10,10,10,10,11,10
b2b8iy25,8,8,8,8,8,8,8,9,8,9,8,9
jg7czdnq,4,5,4,5,4,4,4,5,5,5,5,5
7yszzoye,8,8,8,8,8,8,8,9,8,9,8,9
scxqjinc,5,5,6,5,5,5,6,5,6,6,6,6
wxfgqkua,10,10,10,10,10,10,10,10,10,10,10,11
gyzt4un6,9,9,9,9,9,9,9,9,10,10,9,9
61ult9ip,8,9,8,8,8,8,8,8,9,9,8,8
hvg56h8n,7,6,6,7,6,6,6,6,7,7,6,7
9vxejrsa,10,10,10,10,10,10,10,10,10,10,10,11
vy0rzzf2,10,9,9,9,9,9,9,9,9,9,10,9
kc1qhbm5,9,9,9,9,9,9,9,10,9,9,9,10
uzeq57ga,11,11,11,11,11,11,11,11,11,11,11,11
79850ve7,4,3,3,4,3,3,4,4,4,4,4,4
bs1vkwjz,8,8,7,7,7,7,7,8,7,7,7,8
5h2zemhq,10,10,10,10,10,10,10,10,10,11,10,10
s9p02vh7,10,10,10,10,10,10,10,10,10,10,10,11
klsfkcve,7,6,7,6,6,6,6,6,7,7,6,7
q835gg1p,7,7,7,7,7,7,7,7,8,8,8,8
4n6vdqb0,0,0,0,0,0,0,0,0,0,0,0,0
nymxk6oo,5,4,4,4,5,5,5,5,4,4,5,5
not7cymr,7,7,7,8,7,8,7,8,7,8,7,7
ie9xdk60,7,7,7,8,7,7,8,7,7,7,8,8
zffmivvm,10,10,10,10,10,10,10,10,10,10,10,11
mmb84885,7,8,7,7,7,7,8,8,7,7,7,8
3nquj08m,7,7,7,7,7,7,7,8,7,8,8,8
rdeb4vr0,6,5,5,6,5,5,5,5,6,6,6,6
aatoorta,4,5,5,4,5,4,4,5,4,5,5,5
r0lk02u0,4,4,3,4,3,4,3,4,3,4,4,4
a4k3filt,4,4,4,5,4,5,5,5,4,5,5,5
s8o8kyfw,9,8,8,8,9,8,8,8,8,8,8,9
todx7qo5,9,9,9,9,10,9,9,9,9,9,9,10
ok3swa17,8,8,8,8,8,8,8,8,8,9,9,9
o2fjbqep,7,7,7,8,7,8,7,8,7,8,7,7
aazk67o3,6,6,6,6,6,7,6,7,7,7,6,7
wqgq2tb3,6,6,6,6,7,6,6,7,6,7,7,7
hsgkbfvg,9,9,9,9,9,9,9,10,9,9,9,10
8wbul1lo,10,10,10,10,10,10,10,10,10,10,10,11
6uuvk383,7,7,6,6,6,6,6,7,6,7,6,7
aejz4tz2,4,4,4,3,3,4,3,4,3,4,4,4
nr4tcmij,11,11,11,11,11,11,11,11,11,11,11,11
hg59thr7,8,7,8,7,7,7,7,8,7,7,7,8
u3hz8a3e,7,7,7,7,7,7,7,8,8,8,7,8
fw4ehp4w,11,11,11,11,11,11,11,11,11,11,11,11
vh9fhkf1,10,9,9,9,9,9,9,9,9,9,9,10
bdligbw2,9,9,9,9,9,9,9,9,9,9,10,10
ne2tg8rj,8,8,8,8,8,8,8,9,8,8,9,9
ssytbx96,8,8,8,8,8,8,8,8,8,9,9,9
j3urpt35,7,7,6,6,6,6,6,7,6,7,6,7
eal69ltf,8,8,9,9,8,8,8,9,8,8,8,8
9r7m5spx,8,7,7,7,7,7,7,8,7,7,8,8
2eqe9qnn,3,2,3,3,2,3,2,3,3,3,3,3
qc0fyf53,9,9,9,9,9,9,9,9,9,10,9,10
jewjnf49,7,7,7,8,7,7,8,8,7,7,8,7
o7f5wtql,9,10,9,9,9,9,9,9,9,10,9,9
7sukpral,11,11,11,11,11,11,11,11,11,11,11,11
ae7xvckl,6,7,6,6,6,6,7,6,6,7,7,7
f1heou9e,11,11,11,11,11,11,11,11,11,11,11,11
kecg2tfx,10,10,10,10,10,10,10,10,10,10,10,11
rscxb307,8,8,8,9,8,8,8,9,8,8,9,8
t4geur6o,11,11,11,11,11,11,11,11,11,11,11,11
c50t8vnx,6,6,6,7,6,7,6,7,6,7,7,6
o9zhl4go,8,8,8,9,8,8,8,8,8,9,8,9
xlotn3ez,1,1,0,1,1,1,1,1,1,1,1,1
cizfdkjl,11,11,11,11,11,11,11,11,11,11,11,11
o0efbpxt,7,6,6,6,6,6,6,7,6,7,7,7
33c9cqtk,6,6,6,7,6,7,6,7,6,7,7,6
70pwtc1u,4,4,4,5,5,4,5,5,5,5,5,4
2nkxv3cx,11,11,11,11,11,11,11,11,11,11,11,11
w3rksdqk,7,7,7,8,7,8,7,7,7,8,7,8
ux0kqiye,0,1,1,1,1,1,1,1,1,1,1,1
ocg8e8tb,10,10,10,10,10,10,10,10,10,10,10,11
q3sn5z5z,10,10,10,10,10,10,10,10,10,10,10,11
wt95vmfm,8,8,8,8,9,8,8,8,8,9,8,9
h0bsiojw,4,3,3,4,4,4,3,4,4,4,3,4
hclkg6iy,7,7,7,7,7,7,7,7,8,8,8,8
6o7y8xf2,7,6,6,7,6,6,6,7,7,6,6,7
f4c2m2u4,6,6,6,7,7,7,6,7,6,7,6,6
b9znm38f,6,6,6,6,6,6,7,7,7,6,7,7
uahv9t1m,5,5,5,5,6,5,5,6,6,6,6,6
q6w2vs9m,10,10,10,10,10,10,10,11,10,10,10,10
3ta82h4d,11,11,11,11,11,11,11,11,11,11,11,11
63yu6238,4,4,3,4,3,4,4,3,3,4,4,4
1md7hquw,10,10,10,10,10,10,10,10,10,10,11,10
ghrq3qlc,9,9,9,9,9,9,9,9,9,10,9,10
xwf8mvpf,5,6,5,5,5,5,5,6,6,6,6,6
e2mqcp02,2,2,1,2,1,2,2,2,2,2,2,2
gxtd244l,8,8,9,8,8,8,8,8,8,8,9,9
s5cr4o77,8,7,7,7,7,7,7,7,7,8,8,8
p2b5yeu0,10,10,10,10,10,10,10,10,10,11,10,10
7q4hg37s,5,5,5,6,6,5,6,6,6,5,6,5
0kpdug7u,8,7,7,7,8,7,8,7,7,7,7,8
dofohha3,3,3,3,4,4,4,3,4,4,4,4,4
ugucwcch,7,8,7,7,8,7,7,7,7,7,8,8
wfupunlf,7,7,8,7,7,7,7,8,7,8,7,8
c2f5gapq,8,8,8,8,9,8,8,9,8,8,8,9
jwsdyt01,6,7,6,6,6,6,6,6,7,7,7,7
huehbcqy,6,5,6,5,5,5,5,6,5,6,6,6
23mcgt8u,4,3,3,4,3,4,4,4,4,4,3,4
uwtirc0q,8,7,7,7,7,7,8,8,7,7,7,8
c9ohsdtv,10,10,10,10,10,10,10,11,10,10,10,10
0d88h9ec,9,9,9,9,9,9,10,9,9,9,9,10
9uufvb75,4,5,5,5,5,4,4,5,4,5,4,5
12b1bilr,7,7,7,7,7,7,8,8,7,8,7,8
vrv9n2m1,9,9,9,9,9,9,9,9,10,9,9,10
0vsn80li,9,9,9,9,9,9,9,9,9,10,9,10
lkevo2kz,7,7,7,8,7,7,7,8,8,8,7,7
kg0qgiyw,2,2,1,2,2,1,2,2,2,2,2,2
hdr1lvts,5,5,6,5,5,5,6,5,6,6,6,6
jbii737d,7,8,7,7,7,7,8,8,7,7,7,8
stozm69v,4,5,4,5,4,4,4,5,5,5,5,5
ce7xyxff,2,3,3,2,3,2,3,3,3,3,3,3
wlsysmy1,11,11,11,11,11,11,11,11,11,11,11,11
ze2fmlqq,10,10,10,10,10,10,10,10,10,10,10,11
3vqu73mf,9,9,9,9,10,9,9,9,9,9,9,10
rpsn1ad2,9,9,9,9,10,9,9,9,9,9,9,10
2mmdbbf5,9,9,9,9,9,9,9,10,9,9,9,10
4t94dja8,5,5,5,6,6,5,5,6,6,6,5,6
s26mym3f,8,8,8,8,9,8,8,9,8,8,8,9
zijtqpsq,10,9,9,9,9,9,9,9,9,9,9,10
24limr6m,7,7,7,7,7,7,8,7,7,8,8,8
j81k6gl7,9,9,9,10,10,9,9,9,9,9,9,9
o08io7y0,6,7,6,6,6,6,6,7,7,7,6,7
th5cf5ps,8,9,8,9,8,8,8,8,8,8,8,9
rc74jogj,5,5,5,4,4,4,5,5,4,4,5,5
2vk77sgj,3,3,3,3,2,3,3,2,3,2,3,3
cojrxzwd,4,5,4,4,5,4,5,5,5,5,5,4
948db3pz,11,11,11,11,11,11,11,11,11,11,11,11
e4uo2jim,10,11,10,10,10,10,10,10,10,10,10,10
u8ox0cml,11,11,11,11,11,11,11,11,11,11,11,11
ds65nm1v,7,6,6,7,6,6,6,6,6,7,7,7
esuspciu,7,7,6,6,6,6,6,7,7,6,6,7
e4k6w2yp,5,4,4,5,4,4,5,5,5,5,5,4
kaqkgt0k,2,2,2,2,1,1,2,2,2,2,2,2
ldygsnkn,8,8,8,9,8,8,8,9,8,8,8,9
ry89bdpa,3,3,4,4,3,3,4,4,4,4,4,4
417tezz2,7,7,6,6,6,6,6,7,6,6,7,7
kdhxt3yj,9,9,9,9,9,9,9,10,9,9,9,10
l5ai5xvx,10,10,10,10,10,10,10,11,10,10,10,10
gly88cu1,10,10,10,10,10,10,10,10,10,10,10,11
z35c6ivb,6,6,6,7,6,7,6,7,6,7,6,7
c2vm3xtb,7,7,6,6,6,6,6,7,6,7,7,6
g1ithxu1,7,7,7,7,7,8,7,7,8,8,7,8
zwmlry0i,10,10,10,10,10,10,10,10,10,10,10,11
gar6c0bn,7,7,7,7,8,7,8,8,7,7,7,8
qjxmzedu,2,2,1,2,2,2,1,2,2,2,2,2
6v0pvx7w,7,6,6,6,6,6,6,7,6,7,7,7
05ql5twx,8,9,8,8,8,8,8,9,8,8,8,9
qtvaob1u,6,6,6,7,6,7,6,7,6,7,6,7
knzcef5h,9,9,9,9,9,9,9,9,9,9,10,10
cpj5p8a7,10,10,10,10,10,10,10,10,10,10,10,11
zgb7bx9j,6,6,6,6,7,6,6,6,7,7,7,7
5pnbd47z,6,6,6,7,6,6,7,6,7,7,6,7
ue5pr7vi,6,6,6,7,6,7,7,7,6,6,6,7
qrvznbl3,6,5,5,6,5,6,6,6,5,5,5,6
ynpfh9uw,8,8,8,9,8,8,8,8,9,9,8,8
6sqhw7f0,10,10,10,10,10,10,10,10,10,11,10,10
5wvhw8hp,5,6,5,5,6,5,5,5,6,6,6,6
jr8ixs9f,9,9,9,9,9,9,9,10,9,9,10,9
m1a0i85l,10,10,10,10,10,10,10,10,10,10,10,11
3walmnez,9,9,9,9,9,9,9,10,9,10,9,9
hhywkdri,10,10,10,10,10,10,10,10,10,10,10,11
dflh463h,4,5,4,5,4,5,5,5,4,5,5,4
usplsdb1,10,10,10,10,10,10,10,11,10,10,10,10
3opzcx0x,5,4,5,5,5,4,5,4,5,5,4,4
a7dufstq,4,5,4,4,5,4,4,5,5,5,5,5
axh5qla7,6,6,6,6,6,6,7,7,6,7,7,7
9inew8o8,6,5,5,6,5,5,5,6,6,6,6,5
ab3hiagq,5,4,4,5,5,4,4,5,4,5,5,5
u9btjpoj,6,7,6,6,6,6,6,7,7,7,7,6
3tpm31px,11,11,11,11,11,11,11,11,11,11,11,11
k9wbwz4r,6,5,5,5,5,5,6,6,6,5,6,6
0wj2uhxg,2,2,1,2,2,1,2,2,2,2,2,2
lvbrrvb5,10,10,10,10,10,10,10,11,10,10,10,10
um1e80s2,7,6,6,6,6,6,6,6,7,7,7,7
jrb0q01a,6,5,5,6,5,6,6,6,5,6,5,5
nehvsk8t,5,4,4,5,4,4,4,5,5,5,5,5
gkt1824r,3,2,2,3,3,3,2,3,3,3,3,3
lcon3t63,6,6,6,6,6,6,7,7,6,7,7,7
00368em6,7,7,6,6,6,6,6,7,6,7,6,7
55n27klu,10,10,10,10,10,10,10,10,10,10,10,11
hts32afz,9,8,8,8,8,8,8,9,8,8,8,9
j706w2ou,7,7,7,7,7,7,8,7,8,8,8,7
xu0atehv,3,2,2,3,3,3,3,3,3,3,2,3
2yjag2zc,6,5,5,5,5,5,6,6,5,6,6,6
euwqhdw3,11,11,11,11,11,11,11,11,11,11,11,11
9g07hkcy,9,9,9,9,9,9,9,9,9,10,9,10
wy71vwis,5,4,4,5,5,4,4,5,5,4,5,5
u58jb243,7,8,7,7,8,7,7,7,8,7,7,8
th58r71x,10,10,10,10,10,10,10,10,10,10,10,11
4imu3ud7,8,8,8,8,8,8,8,8,8,9,9,9
jyo21xzo,4,3,3,3,4,4,4,3,4,4,4,4
hj7bae3c,5,4,4,5,4,4,4,5,5,5,5,5
h1v5xgx7,9,9,9,9,9,9,9,9,9,9,10,10
00pdsni3,10,10,10,10,10,10,10,10,10,11,10,10
xebk96r4,7,6,6,6,6,6,6,7,6,7,7,7
umpv3n8i,8,8,8,9,8,8,9,8,8,8,8,9
ckoz9wnj,10,10,10,10,10,10,10,11,10,10,10,10
7avcx8i9,10,10,10,10,10,10,10,10,10,10,10,11
pkguo06n,6,6,6,7,6,6,6,7,7,7,6,7
4mrglkfd,9,9,9,9,10,9,9,9,9,9,9,10
08x4d9yo,8,8,8,8,8,8,8,9,8,9,8,9
a9or55m2,10,10,10,10,10,10,10,10,10,11,10,10
3topin2z,7,6,6,6,6,6,7,7,6,6,7,7
6g5px0xt,8,8,7,7,7,7,7,7,7,7,8,8
4lfptx5v,6,7,6,7,6,6,7,7,6,7,6,6
lg739hv2,7,8,7,7,7,7,7,7,8,8,8,7
sutq15mn,10,10,10,10,10,10,10,10,10,10,10,11
k3a9eeyf,5,5,5,5,5,6,6,6,6,5,6,6
ed7c8q10,7,7,7,8,7,7,8,8,7,7,7,8
3flaaaww,10,10,10,10,10,10,10,10,10,10,11,10
fam5nlit,5,6,6,6,5,5,5,6,6,5,5,6
7gucxpn9,11,11,11,11,11,11,11,11,11,11,11,11
j7e0h0vx,10,9,9,9,9,9,9,9,9,9,10,9
gtjc0m6c,10,10,10,10,10,10,10,10,10,10,10,11
ej641791,7,7,7,7,7,7,7,8,7,8,8,8
15kwfp4z,10,9,9,9,10,9,9,9,9,9,9,9
zhf652r9,3,3,3,3,2,2,3,3,3,3,2,3
81iztf6a,8,8,8,8,9,8,8,9,8,9,8,8
ijpefij5,9,9,9,9,9,9,9,9,9,9,10,10
zsb9wxmu,10,10,10,10,10,10,10,10,10,10,10,11
8uzabifw,6,5,5,6,5,5,6,5,6,5,6,6
mup3wutv,8,8,8,8,8,8,8,9,8,9,8,9
pa2kf7mm,11,11,11,11,11,11,11,11,11,11,11,11
i6qlb161,9,9,8,8,8,8,8,9,8,8,8,8
vej3xrsy,6,6,5,6,5,6,5,6,5,5,5,6
d6trmqyz,7,7,7,8,7,7,7,8,7,8,7,8
57xl4nij,11,11,11,11,11,11,11,11,11,11,11,11
sie3zmow,8,8,8,9,8,8,8,8,8,8,9,9
l2hg5tj2,10,10,10,10,10,11,10,10,10,10,10,10
048nxn54,10,10,10,10,10,10,10,10,10,10,10,11
to98l99m,10,10,10,10,10,10,10,10,10,10,11,10
rgbz29ab,11,11,11,11,11,11,11,11,11,11,11,11
sbdb0z0i,8,8,8,9,8,8,9,9,8,8,8,8
iu92va5m,11,11,11,11,11,11,11,11,11,11,11,11
y6kz9xlw,5,5,5,6,5,5,5,6,6,6,6,6
mln2mxp4,7,6,6,6,6,6,6,6,7,7,7,7
9fikja9s,4,5,4,5,4,4,4,5,5,5,5,5
qwk1i567,10,10,10,10,10,10,10,10,10,11,10,10
1l29zeof,10,10,10,10,10,10,10,10,10,11,10,10
2ulo0zxv,9,9,9,9,9,9,9,10,9,9,9,10
6plg7gbc,10,10,10,10,10,10,10,10,10,10,10,11
l20kwzkw,3,2,2,3,3,3,3,3,3,3,2,3
j6evqhov,8,7,7,8,7,7,7,8,7,8,7,7
nkaq2nwi,9,9,9,9,9,9,9,9,9,10,10,9
qzkmrjyu,6,5,5,5,5,5,6,6,5,6,6,6
d22cy537,11,11,11,11,11,11,11,11,11,11,11,11
p5rcq3i8,10,10,10,10,10,10,10,10,10,10,10,11
qh7x4txt,10,10,10,10,10,10,10,10,10,10,10,11
u1td0ijr,9,9,9,9,9,9,9,9,9,9,10,10
giwobhn3,7,7,7,7,7,7,8,7,7,8,8,8
9jyrpd2v,11,11,11,11,11,11,11,11,11,11,11,11
0hk4r2jf,7,8,7,7,7,7,7,7,7,8,8,8
84kuancg,10,10,10,10,10,10,10,10,10,10,10,11
flro3lbg,10,10,10,10,10,10,10,10,10,10,11,10
8b26utcw,11,11,11,11,11,11,11,11,11,11,11,11
9gand350,10,10,10,10,10,10,10,11,10,10,10,10
sji1wv2p,8,8,8,9,9,8,8,8,8,9,8,8
nch1h11g,9,9,9,9,9,9,9,9,9,10,9,10
2iwb1vfj,9,9,9,9,10,9,9,10,9,9,9,9
y7b3lp8c,4,4,3,4,3,3,4,4,4,4,3,4
yta6se00,10,11,10,10,10,10,10,10,10,10,10,10
aw0kvcqj,5,4,4,4,5,4,5,5,4,5,5,5
a1t5cstl,8,8,8,8,9,8,8,8,9,8,8,9
bp8ub64w,9,9,9,9,9,9,9,10,9,9,9,10
ugg8kibi,9,8,8,8,8,8,8,8,8,8,9,9
rlqh7t1q,10,10,10,10,10,10,10,10,10,10,10,11
rzt7c3zw,6,5,6,6,5,5,6,6,5,5,6,5
31thqnet,9,9,9,9,9,9,9,10,9,9,9,10
qoaucdy0,7,7,7,7,8,7,7,7,8,7,8,8
ihy1zosl,10,9,9,9,9,9,9,9,9,9,9,10
gqp4f6jh,10,10,10,10,10,10,10,11,10,10,10,10
oii5trtq,10,10,10,10,10,10,10,10,10,10,10,11
l6efevdo,3,3,2,3,3,2,3,3,2,3,3,3
a9he32r1,3,3,3,4,4,3,4,4,4,4,4,4
3gu5is4p,7,7,7,8,7,7,7,7,7,8,8,8
95t7zj9u,9,9,9,9,10,9,9,9,9,9,9,10
mv60aa8p,7,8,7,7,7,8,7,7,8,7,7,8
qya2eg07,6,6,5,5,5,5,5,6,6,6,5,6
o43gjgob,5,5,4,5,4,4,4,4,5,5,5,5
znbrd664,11,11,11,11,11,11,11,11,11,11,11,11
00x79kxm,10,10,10,10,11,10,10,10,10,10,10,10
njs29c9p,9,9,8,8,8,8,8,8,8,8,8,9
mik20yvh,10,10,10,10,10,10,10,10,10,10,10,11
slsme237,8,7,7,7,7,7,7,8,7,8,7,8
g2exawug,11,11,11,11,11,11,11,11,11,11,11,11
0b8crlqg,10,9,9,9,9,9,9,9,9,9,9,10
thnmlxt4,9,9,9,9,9,10,9,10,9,9,9,9
kl416jvs,8,7,7,7,7,7,7,8,7,7,8,8
cpg9s41r,1,1,1,1,1,0,1,1,1,1,1,1
akxmzag0,8,9,8,8,9,8,8,8,8,8,8,9
h4gdox2w,8,8,8,9,8,8,8,8,8,9,8,9
x79xheqh,9,9,9,9,9,9,9,9,9,9,10,10
i75eyhp1,8,7,7,7,7,7,7,8,7,8,7,8
rs1rhsjt,9,8,8,8,8,8,8,8,8,8,9,9
4qav77pr,10,10,10,10,10,10,10,10,10,10,10,11
3go08v6n,9,9,9,9,9,9,9,9,9,9,10,10
6yvwn9lz,10,10,10,10,10,10,10,10,10,10,10,11
5nwwwj04,10,10,10,10,10,10,10,10,10,10,10,11
9wn44ocj,10,10,10,10,10,10,10,10,10,10,10,11
twqrcmz1,9,9,9,9,10,9,10,9,9,9,9,9
5lcxrim0,4,5,4,5,4,4,4,5,5,5,5,5
vmdvy96a,2,2,2,2,1,1,2,2,2,2,2,2
8vr9x9l8,9,9,9,9,10,9,9,9,9,9,10,9
w92jas1a,9,9,9,10,9,9,9,10,9,9,9,9
0z0q3uil,6,5,5,6,5,5,5,6,6,6,5,6
9let6alt,5,5,4,5,4,4,5,5,4,5,5,4
xl0yiaci,9,9,9,9,9,9,9,9,10,9,9,10
ismmyl4s,8,8,8,8,8,8,8,9,8,8,9,9
m3w4rmha,3,4,3,4,4,4,3,4,4,4,3,4
qnfhniaq,10,10,10,10,10,10,10,10,10,10,10,11
16ojd2s3,5,6,5,6,6,5,5,6,6,6,5,5
4eui218c,0,0,0,0,0,0,0,0,0,0,0,0
57vqyypw,8,8,8,8,8,8,8,8,8,9,9,9
fap2jp7c,10,10,10,10,10,10,10,10,10,10,10,11
l9pxplkr,5,5,4,5,5,4,5,5,4,4,5,4
gk9km0p1,8,7,7,7,7,7,7,8,7,8,7,8
zce04v9h,4,4,4,4,3,4,4,3,3,3,4,4
j821ajvf,6,5,6,5,5,6,5,5,5,6,6,6
jslxa1uv,9,9,9,9,9,9,10,9,9,9,9,10
57nx8h6f,11,11,11,11,11,11,11,11,11,11,11,11
dmirenkk,10,10,10,10,10,10,10,10,10,11,10,10
z4bhhsmf,5,4,5,5,4,4,4,5,5,5,5,4
l2dk0gw5,4,3,3,4,3,3,4,4,4,4,4,4
nx4t7zd5,8,7,7,7,8,7,7,7,8,7,7,8
9kc1q540,8,7,7,7,7,7,7,8,7,8,7,8
6lg96xzw,3,2,3,3,3,3,3,3,2,3,2,3
uk6kb2a3,9,8,8,8,9,8,8,8,8,8,8,9
qmiqnmi1,11,11,11,11,11,11,11,11,11,11,11,11
vahl0jz2,8,9,8,8,8,8,8,8,9,9,8,8
qx8ddz1n,7,7,7,8,7,7,7,8,7,8,7,8
pl5cn8rw,11,11,11,11,11,11,11,11,11,11,11,11
srymhkzr,10,10,10,10,10,10,10,10,10,11,10,10
p598x5a9,4,3,4,4,4,3,3,4,4,4,3,4
y9i0amtg,10,10,10,10,10,10,10,10,10,11,10,10
1ygj177m,3,4,3,4,3,3,4,4,4,4,4,4
ccbwt6kt,7,7,7,8,7,7,7,8,7,8,7,8
aijfilsh,5,6,5,5,5,5,6,6,6,5,6,6
2egnm8kk,8,8,8,8,8,9,8,8,8,9,9,8
hz8gho5a,2,2,1,2,1,2,2,2,2,2,2,2
eg620y7t,10,10,10,10,10,10,10,10,11,10,10,10
wkf9n3yy,11,11,11,11,11,11,11,11,11,11,11,11
i7qq9hva,5,6,5,6,5,6,5,5,6,6,5,6
19qnu8mh,9,9,9,9,9,9,9,9,9,10,9,10
uk9x02vi,5,5,5,5,6,5,6,6,5,6,6,6
tapuxz1r,8,8,8,9,8,8,8,8,8,8,9,9
tmxdndo7,2,2,2,1,2,2,2,2,2,2,1,2
yo3ruzp1,8,7,7,7,7,7,7,8,7,8,7,8
qzarpu99,5,4,4,4,4,5,5,4,5,5,5,5
kn5y1lwe,10,9,9,9,9,9,9,9,9,9,9,10
8y7toj6d,7,8,7,8,7,7,7,7,7,8,7,8
xenvi73b,10,9,9,9,10,9,9,9,9,9,9,9
7r2gfgi8,9,9,9,9,9,9,9,10,9,9,9,10
19jldzh4,10,10,10,10,10,10,10,10,10,11,10,10
xt48k4cj,11,11,11,11,11,11,11,11,11,11,11,11
pjp1lque,7,7,7,7,8,7,7,8,7,8,7,8
egrs8sbq,8,9,8,8,8,8,8,9,8,8,9,8
4fpo0j2s,9,8,8,8,9,8,8,8,8,8,8,9
1cuuwpce,7,8,7,7,7,7,7,7,8,8,8,7
v55duffv,10,10,10,10,10,10,10,10,10,10,11,10
0wvol8bq,8,8,8,8,8,8,8,8,8,9,9,9
kdw4hh5k,9,9,9,9,9,9,9,10,9,9,9,10
qpcty2nf,10,10,10,10,10,10,10,10,10,10,11,10
kg181fug,7,7,7,8,7,7,7,7,8,8,7,8
10x5cynt,10,10,10,10,10,10,10,10,10,10,10,11
1sm5vu93,7,7,7,8,7,8,7,7,7,7,8,8
tykyt28f,6,6,6,7,6,6,7,7,7,7,6,6
xefzk3no,7,7,8,7,7,7,7,8,7,7,8,8
fa3azu62,7,7,7,7,7,7,8,8,8,8,7,7
2r7994tb,10,10,10,10,10,10,10,10,10,10,11,10
oxruymzn,9,9,9,9,9,9,9,10,9,9,9,10
wp3s0mvt,11,11,11,11,11,11,11,11,11,11,11,11
rtzbeu70,11,11,11,11,11,11,11,11,11,11,11,11
ugke48av,9,9,9,9,9,9,9,9,9,9,10,10
1avivymf,9,9,9,9,9,9,9,9,9,9,10,10
oqtlejqx,11,11,11,11,11,11,11,11,11,11,11,11
epsv91w4,7,7,7,7,7,7,7,8,8,8,8,7
sxmvplil,9,9,9,9,9,9,9,10,9,9,9,10
e7e5yl3z,7,7,7,7,7,7,8,8,7,7,8,8
ktdvdpqv,10,9,9,9,9,9,9,9,9,10,9,9
jri8nqzk,7,7,7,7,8,7,7,8,8,8,7,7
og99p3wf,11,11,11,11,11,11,11,11,11,11,11,11
cufja4ao,7,6,6,6,6,6,7,7,6,7,6,7
7iqvr5vx,9,8,8,8,8,8,8,8,8,9,9,8
jusfyn6g,11,11,11,11,11,11,11,11,11,11,11,11
xsabi7e5,7,7,7,8,7,7,8,8,7,7,7,8
iexyw3qy,9,9,9,10,9,9,9,10,9,9,9,9
zjlsjrpb,10,10,10,10,10,10,10,10,10,10,10,11
4bwgyciw,9,9,9,9,9,9,9,9,9,9,10,10
oq3z7twl,10,10,10,10,10,10,10,10,10,10,10,11
zfk4778l,5,5,5,6,5,5,6,6,6,5,6,6
03a0alqr,3,2,3,3,2,3,2,3,3,3,3,3
s3whdprm,9,9,9,9,10,9,9,9,9,10,9,9
3manu9wu,10,10,10,10,10,10,10,10,10,10,10,11
5q9gc1za,9,9,9,9,9,9,9,9,9,10,9,10
uta6xrd0,9,9,9,9,9,9,9,9,9,10,10,9
lt60mrjw,10,10,10,10,10,10,10,10,10,11,10,10
d3fdibi4,8,9,8,8,8,8,8,8,8,9,9,8
gor5o1lc,10,10,10,10,10,10,10,10,10,11,10,10
up9c5sqq,10,10,10,10,10,10,10,10,10,10,10,11
xuozyvm0,11,11,11,11,11,11,11,11,11,11,11,11
3jijj4nq,7,7,6,6,6,6,6,6,7,7,6,7
6gmf8gmj,9,9,9,9,9,9,9,10,9,9,10,9
xr7r5oc4,8,7,7,7,7,7,7,8,7,7,8,8
u0t97oqm,6,5,6,6,6,5,5,5,5,6,5,6
lspq4nax,8,9,8,8,8,8,8,9,8,8,8,9
xw84vxfs,6,7,6,6,6,7,6,7,6,7,6,7
9ircg9y5,11,11,11,11,11,11,11,11,11,11,11,11
l62fiusb,7,7,7,7,7,7,8,8,7,8,7,8
1ce2piun,9,9,9,9,9,9,9,9,9,10,9,10
w7w7x62d,8,8,7,7,7,8,7,7,7,7,7,8
x5bs4keh,7,6,6,6,7,6,6,7,6,7,6,7
xobycdz8,11,11,11,11,11,11,11,11,11,11,11,11
gk9yjem7,7,6,6,7,6,6,6,7,6,6,7,7
safm6fqe,9,9,9,10,9,9,9,9,9,9,9,10
jmr41naa,3,3,2,3,3,3,3,3,2,2,3,3
84ki9s09,6,6,6,7,7,6,6,6,7,7,7,6
homc4obf,4,4,3,4,4,3,4,3,4,4,3,4
wtsbqb4c,8,8,8,9,9,8,8,8,8,8,8,9
cdccqtiz,3,3,3,3,2,3,3,2,3,3,3,2
i0k5ja8d,6,5,5,6,5,5,6,6,5,6,5,6
lk7n8bqx,7,8,7,7,7,7,7,8,7,8,7,8
yb64ve4r,7,6,6,7,6,7,6,6,6,6,7,7
6r8p8q7q,6,6,6,7,6,6,6,7,6,7,7,7
3kf1b1rk,11,11,11,11,11,11,11,11,11,11,11,11
cze23942,3,3,3,4,4,3,4,4,4,4,4,4
cee73xs6,11,11,11,11,11,11,11,11,11,11,11,11
c3vhqy7n,8,8,8,8,8,8,8,9,8,9,8,9
oa2xi8oh,10,9,9,9,9,10,9,9,9,9,9,9
k4gfy3qz,3,2,3,3,2,3,3,3,3,3,2,3
e4v79tsy,10,10,10,10,10,10,10,10,10,10,11,10
3y49104x,9,9,9,9,9,9,9,10,9,9,9,10
ghrdrpcs,11,11,11,11,11,11,11,11,11,11,11,11
v41h3m8f,2,3,3,3,3,2,3,3,3,3,2,3
kkavoh48,4,5,4,4,4,4,5,5,5,5,5,5
f0xcc9d9,8,8,7,7,8,7,7,7,7,7,7,8
fxgt4qh8,9,8,9,8,8,8,9,8,8,8,8,8
i38hvv7r,10,10,10,10,10,10,10,10,10,10,10,11
ykf2c73c,7,8,7,7,7,7,8,7,7,7,8,8
r5uikmdp,9,9,9,9,9,9,9,9,9,10,9,10
xsv7rx07,7,6,6,7,7,6,6,7,6,6,6,7
do3bs0bi,8,7,7,7,7,7,7,7,7,8,8,8
o913zwg8,11,11,11,11,11,11,11,11,11,11,11,11
i2kfx4ij,7,8,7,7,7,7,7,8,7,8,7,8
bcynkbnp,10,10,10,10,10,10,11,10,10,10,10,10
0j2cnjuc,8,8,8,8,8,8,8,9,9,8,8,9
u05n8azt,9,8,8,8,9,8,8,8,8,8,8,9
fvksatr8,9,9,9,10,9,9,9,9,9,9,9,10
2kkm2b64,8,8,8,8,8,9,8,8,8,8,9,9
xbxuf7k6,0,0,0,0,0,0,0,0,0,0,0,0
wczbyrzl,8,8,8,8,8,8,8,9,8,8,9,9
r22o457f,3,3,2,3,3,2,3,3,2,3,3,3
7669d94u,9,8,8,8,8,8,8,8,8,9,8,9
tcvz6e68,2,2,2,1,2,1,2,2,2,2,2,2
n5vjtqwg,8,7,7,7,8,7,7,8,7,7,7,8
jjty32g1,7,6,6,6,6,6,6,7,6,7,7,7
936ovxtr,4,5,5,5,5,4,4,4,4,5,5,5
zozqv7nt,11,11,11,11,11,11,11,11,11,11,11,11
ctwhxcss,4,3,3,4,3,4,4,4,3,4,4,4
oqajdyhi,11,11,11,11,11,11,11,11,11,11,11,11
5l6sbrxp,11,11,11,11,11,11,11,11,11,11,11,11
mpw8w627,9,8,8,8,8,8,8,8,9,8,8,9
tzg2wasi,5,5,5,5,5,5,6,6,6,6,6,6
s7a4n4jx,10,10,10,10,10,10,10,11,10,10,10,10
bll1fx3g,4,4,3,4,4,3,3,4,3,4,4,4
8x4uvovf,4,3,4,3,3,4,3,4,4,4,4,4
qihm28ir,5,5,4,4,5,4,4,5,5,5,4,5
gpkp02zi,10,11,10,10,10,10,10,10,10,10,10,10
y25j826l,5,4,4,4,4,5,4,5,5,5,5,5
lxlvadl7,5,6,5,5,5,5,5,6,6,6,6,6
ijghidrq,11,11,11,11,11,11,11,11,11,11,11,11
43dyzhk7,8,9,8,8,8,8,8,8,8,9,8,9
2ojue9om,11,11,11,11,11,11,11,11,11,11,11,11
qce4k4ri,4,5,4,5,4,4,5,5,4,5,5,5
0ie8fi28,11,11,11,11,11,11,11,11,11,11,11,11
uwjwviq1,9,10,9,9,9,10,9,9,9,9,9,9
td8tr45a,9,9,9,9,9,9,9,9,9,9,10,10
tna30wqj,9,9,9,9,9,9,9,9,9,9,10,10
6o86nct7,7,6,7,6,6,6,7,7,6,6,6,7
dspns9qg,5,5,4,4,4,4,4,5,5,5,5,5
mm672o6t,4,3,3,4,4,4,4,3,3,4,4,4
pvofigno,11,11,11,11,11,11,11,11,11,11,11,11
o8ittj09,8,7,7,7,7,7,7,7,7,8,8,8
vs8vnmgu,1,1,1,1,1,0,1,1,1,1,1,1
89p3spwv,1,0,1,1,1,1,1,1,1,1,1,1
2joeyoiu,10,10,10,10,10,10,10,11,10,10,10,10
vi457sfs,8,8,8,8,9,8,8,9,8,8,9,8
daz6v3i8,7,8,7,7,8,7,7,7,7,8,8,7
506vrdqw,10,10,10,10,10,10,10,10,10,10,10,11
hb61suo7,7,6,6,6,6,6,7,7,6,6,7,7
qkqk3bpl,2,2,1,2,1,2,2,2,2,2,2,2
t7h3nj2d,10,10,10,10,10,10,10,10,10,10,10,11
187wj09a,7,8,7,7,7,7,7,8,7,7,8,8
18a1lzfe,10,10,10,10,10,10,10,10,10,10,10,11
apb7kwzy,6,5,5,6,5,6,6,6,5,5,5,6
wa6rf520,10,10,10,10,10,10,10,10,10,10,10,11
iz104i00,11,11,11,11,11,11,11,11,11,11,11,11
dyovp5lk,6,6,5,5,5,5,6,6,6,6,5,5
rplzl9r8,4,4,4,5,5,4,5,4,5,5,5,5
sv4xh7o7,9,9,9,9,9,9,9,9,9,9,10,10
u1swf5e0,10,10,10,10,10,10,10,10,10,11,10,10
rx2w0qlh,10,10,10,10,10,10,10,10,10,10,10,11
mu88d9m7,6,6,6,7,7,7,7,6,6,6,6,7
t9mxdtqf,5,5,4,4,4,5,4,5,4,5,5,5
ulbvfleh,8,8,8,8,8,8,8,8,8,9,9,9
kdwe94nw,11,11,11,11,11,11,11,11,11,11,11,11
z330msio,11,11,11,11,11,11,11,11,11,11,11,11
g97n14au,10,10,10,10,10,10,10,10,10,10,10,11
fokn0rz8,6,5,6,5,5,5,5,6,5,6,6,6
uj15n3gs,8,8,8,9,8,8,8,9,8,8,9,8
js6w4syh,7,7,7,8,7,8,7,7,7,7,8,8
2npv9a7l,8,8,7,7,7,7,7,8,7,7,7,8
j5h9w4bh,10,10,10,10,10,10,10,10,10,11,10,10
j3ceao4h,7,7,7,7,7,7,8,8,7,7,8,8
0vid4drt,9,9,10,9,9,9,9,10,9,9,9,9
7pufx88s,9,10,9,9,9,9,9,9,9,9,9,10
at5wiksf,9,9,9,9,10,9,9,9,10,9,9,9
docc0g7o,5,4,4,4,5,4,4,5,5,5,5,5
zv3e3yn9,9,9,9,9,9,9,9,9,9,9,10,10
2smz8tqf,9,9,9,9,9,9,9,10,9,9,9,10
yuvqeqzz,5,4,4,5,5,4,4,5,4,5,5,5
g49718ku,10,10,10,10,10,10,10,10,10,10,10,11
78txyag0,10,10,10,10,10,10,10,10,10,10,10,11
eofc6f3p,7,7,7,7,7,7,7,8,8,8,7,8
6qbm3skf,9,9,9,9,9,9,9,9,9,10,9,10
h9zv3wuc,11,11,11,11,11,11,11,11,11,11,11,11
1dqxq2w8,9,9,9,9,10,9,9,9,9,9,9,10
vfl8bhqg,8,8,8,8,9,8,8,8,8,8,9,9
gkrqft9g,9,9,9,9,9,9,9,9,9,10,10,9
966gue3r,5,5,5,6,6,6,5,6,5,5,6,6
17d9yb0w,7,7,7,8,7,8,8,8,7,7,7,7
7mbg2n0k,11,11,11,11,11,11,11,11,11,11,11,11
leeyd8oi,6,5,5,5,6,5,6,5,6,5,6,6
ti8h9ar0,10,10,10,10,10,10,10,10,10,11,10,10
dllfhe8q,9,9,9,9,9,9,9,10,9,9,9,10
63g8qr1d,9,9,9,9,9,9,9,9,9,10,10,9
vz43s9da,8,9,8,8,8,8,8,9,8,9,8,8
2o3t9jh3,10,10,10,10,10,10,10,10,10,10,10,11
rwt0toh0,9,9,9,9,9,9,9,10,9,9,9,10
jytj2obg,10,10,10,10,10,10,10,10,10,11,10,10
njurk7ql,11,11,11,11,11,11,11,11,11,11,11,11
xa7cgrbx,9,9,9,9,9,9,9,9,9,9,10,10
1t0auzsd,10,10,10,10,10,10,10,10,10,10,10,11
1q5aq4r1,7,7,7,7,7,7,8,8,7,8,7,8
rey5112o,5,5,5,4,5,4,4,4,5,5,4,5
mr0ekbq4,10,10,10,10,10,10,10,10,10,10,10,11
jjrkt3qj,5,5,4,5,4,4,4,5,5,5,4,5
bzrzf9px,10,10,10,10,10,10,10,11,10,10,10,10
69jeczla,10,9,9,9,9,9,9,9,9,9,9,10
65q8soh4,11,11,11,11,11,11,11,11,11,11,11,11
sma8bcki,10,10,10,10,10,10,10,10,10,10,10,11
9pmbbqod,10,10,10,10,10,10,10,10,10,11,10,10
s8q1c9kg,7,8,7,7,8,7,7,7,8,8,7,7
0pe8wve3,11,11,11,11,11,11,11,11,11,11,11,11
30bpdg9o,8,8,8,8,8,8,8,8,9,9,8,9
dvi9htah,4,3,3,4,4,3,3,4,4,4,4,4
ivk8dt83,7,6,7,7,6,6,6,7,6,6,6,7
4ogbkl47,7,7,6,6,6,6,6,6,6,7,7,7
ydd4cgy4,10,10,10,10,10,10,10,10,10,10,10,11
e9ibk6uc,11,10,10,10,10,10,10,10,10,10,10,10
6zgbnv8w,10,10,10,10,10,10,10,10,10,10,11,10
x8xbgsjt,9,9,9,9,9,9,9,10,9,9,9,10
b9pmn40c,11,11,11,11,11,11,11,11,11,11,11,11
b85f8qco,9,10,9,9,9,9,9,9,9,9,10,9
qmoge751,7,7,8,7,7,7,7,8,7,7,8,8
464dch7u,10,10,10,10,10,10,10,10,10,10,10,11
cp7hdj6v,2,1,2,2,2,2,2,1,2,2,2,2
gnmxn8ju,7,6,6,6,6,6,6,7,7,6,7,7
s5bw6e96,8,8,8,8,8,8,8,9,8,9,8,9
lwi3znr8,2,2,2,2,2,1,2,2,2,1,2,2
6dtroir0,9,8,8,8,8,8,8,9,8,8,8,9
j0uf8wlj,8,8,8,8,8,8,8,8,8,9,9,9
ae6u9oyy,3,3,3,2,3,2,3,2,3,3,3,3
fhyd3f39,11,10,10,10,10,10,10,10,10,10,10,10
khbmprj5,11,11,11,11,11,11,11,11,11,11,11,11
iyvkfvhu,11,11,11,11,11,11,11,11,11,11,11,11
p8emdktl,10,10,10,10,10,10,10,10,10,10,10,11
yoiipct2,6,6,6,6,6,6,6,7,7,7,7,7
e09ycxa0,8,8,8,8,8,8,8,9,8,8,9,9
yqilo1a3,9,9,9,9,9,9,9,9,9,9,10,10
fcm7rx0y,10,9,9,9,9,9,9,9,9,9,9,10
r685zv5i,9,9,9,9,10,9,9,9,9,9,9,10
l9udo61m,8,8,8,9,8,8,8,8,8,8,9,9
082eh4as,10,9,9,9,9,9,9,9,9,9,10,9
jma7yybh,5,5,4,4,4,4,5,4,5,5,5,5
rpsq0czc,10,10,10,10,10,10,10,10,10,10,10,11
bggnaeht,9,8,8,8,9,8,8,8,8,8,8,9
o407ciu9,10,10,10,10,10,10,10,10,10,11,10,10
afa9rhcj,4,4,4,3,4,3,4,4,3,4,3,4
wy0v8uu8,3,4,3,4,3,4,4,4,4,4,3,4
dppud5cg,7,8,7,7,7,8,7,8,7,7,7,8
4dbgn7wq,6,5,6,5,6,5,5,5,5,6,6,6
uzqo81lf,10,10,10,10,10,10,10,10,10,10,10,11
m0r739ao,10,10,10,10,10,10,10,10,10,10,10,11
sam6lird,10,10,10,11,10,10,10,10,10,10,10,10
79tp5z77,11,11,11,11,11,11,11,11,11,11,11,11
h0f15vqj,11,11,11,11,11,11,11,11,11,11,11,11
b6hi0868,6,6,6,5,6,6,5,5,5,5,5,6
ml6ammx8,10,10,10,10,10,10,10,10,10,10,10,11
kx0jkbxa,7,8,7,7,8,7,7,8,7,7,7,8
afel6hgk,7,7,7,7,8,7,7,8,8,7,7,8
u1p7mo4t,8,7,7,8,7,7,7,8,7,7,7,8
rgol6o20,4,5,5,4,5,4,5,5,4,5,4,5
bud5u87q,9,10,9,9,9,9,9,9,9,9,9,10
eed92a9d,11,11,11,11,11,11,11,11,11,11,11,11
vi8uw2lb,4,4,4,3,3,3,4,3,4,4,4,4
boofzp0u,10,10,10,10,10,10,10,10,10,11,10,10
025619n8,11,11,11,11,11,11,11,11,11,11,11,11
4xgqzcew,6,6,5,5,5,5,5,6,5,6,6,6
yktydr5k,10,10,10,10,10,10,10,10,10,10,10,11
tiaqxwi6,10,10,10,10,10,10,10,10,10,10,10,11
paxg5dw6,4,4,3,4,4,3,3,4,4,4,3,4
8gmumrea,5,6,6,5,5,5,5,6,5,6,6,6
i69w0m57,10,10,10,10,10,10,10,10,10,10,10,11
kjlzi8oo,11,11,11,11,11,11,11,11,11,11,11,11
58dpwfzb,8,8,8,7,7,7,7,7,7,7,7,8
stx4wd44,8,9,8,8,8,8,8,8,8,9,8,9
zt9go1gv,10,10,10,10,10,10,10,10,10,10,10,11
ujz9l4rj,7,7,6,7,6,6,7,6,6,6,7,6
hlcu6qpw,9,9,9,9,9,9,9,9,9,10,9,10
8ywi8mz6,8,8,7,7,7,7,7,8,7,7,7,8
ux86dfgk,4,4,5,5,5,4,4,4,5,5,5,5
hkn2c3b6,10,10,10,10,10,10,10,11,10,10,10,10
77p9zjql,6,6,6,5,5,5,5,6,5,6,5,6
g53bwzto,7,6,7,6,6,6,6,6,6,7,7,7
eiexz5f0,10,10,10,10,10,10,10,10,10,10,10,11
erbskdj6,10,10,10,10,10,10,10,10,10,10,11,10
zlvs5b2m,9,9,9,9,9,9,9,9,9,9,10,10
02c5xzpq,11,11,11,11,11,11,11,11,11,11,11,11
mppgmep9,8,8,8,9,8,8,8,8,8,8,9,9
9f4zagle,9,8,8,8,8,8,8,9,8,8,8,9
tnuwul6k,10,10,10,10,10,10,10,10,10,11,10,10
0mendpyl,9,10,9,9,9,9,9,9,9,9,10,9
ybda8j8o,10,9,10,9,9,9,9,9,9,9,9,9
