,participant_code,round_number,player.inner_name,n_transactions,optimal_trade_count,gamified,salient,player.intermediary_payoff,ingame_experience,accuracy_pred_zero,player.knowledge,overconfidence,PGR,PLR,PGR_alerts,PLR_alerts,excessive_trading,diff_PGR_PLR,diff_PGR_PLR_alerts,player.age,player.payoff,player.gender,player.course_financial,player.trading_experience,player.online_trading_experience,count_buy,count_sell,filtered_prob_buy,filtered_prob_sell,std_buy_prob,std_sell_prob,prediction,prediction_accuracy,prediction_confidence,player.sr_prefs,player.sr_better_decs,player.sr_better_have_option,player.sr_notifications,player.sr_badges,player.sr_confetti
0,0nyvn1ih,2,s1,16,16.0,1.0,0.0,215.0,0.0,1.0,7.0,-0.30000000000000004,0.3,0.16666666666666666,0.0,0.5,1.0,0.13333333333333333,-0.5,23.0,12.0,Male,1.0,1.0,1.0,9.0,9.0,0.4869796870235433,0.49494971878230426,0.0503423245879943,0.03221177710375441,4,1.0,1.0,Design 1,Design 1,Only trade on Design #1,,2.0,2.0
1,0nyvn1ih,3,s1,8,19.0,1.0,1.0,195.0,0.0,1.0,7.0,-0.30000000000000004,0.23529411764705882,0.0,0.0,0.0,0.42105263157894735,0.23529411764705882,0.0,23.0,12.0,Male,1.0,1.0,1.0,4.0,4.0,0.45693882153226506,0.5198116122129928,0.02572584349873234,0.02012852928082697,5,0.75,1.0,Design 1,Design 1,Only trade on Design #1,,2.0,2.0
2,0nyvn1ih,4,s1,10,14.0,0.0,0.0,190.0,0.0,1.0,7.0,-0.30000000000000004,0.4444444444444445,0.041666666666666664,0.5,0.0,0.7142857142857143,0.4027777777777778,0.5,23.0,12.0,Male,1.0,1.0,1.0,6.0,6.0,0.47035506392883786,0.5079793568845248,0.036190786049299255,0.03186880150176195,5,0.25,1.0,Design 1,Design 1,Only trade on Design #1,,2.0,2.0
3,0nyvn1ih,5,s1,8,17.0,0.0,1.0,225.0,0.0,1.0,7.0,-0.30000000000000004,0.2857142857142857,0.0,0.6666666666666666,0.0,0.47058823529411764,0.2857142857142857,0.6666666666666666,23.0,12.0,Male,1.0,1.0,1.0,4.0,4.0,0.4335776013492919,0.5339092173727648,0.003987332143020614,0.02520151070932196,5,0.25,1.0,Design 1,Design 1,Only trade on Design #1,,2.0,2.0
4,0ysr1j7s,2,s4,7,0.0,0.0,0.0,185.0,1.0,0.5,2.0,-0.4666666666666666,0.21428571428571427,0.045454545454545456,0.3333333333333333,0.0,,0.16883116883116883,0.3333333333333333,19.0,8.0,Male,0.0,0.0,0.0,3.0,4.0,0.5,0.5,0.0,0.0,4,0.75,0.25,Design 2,Design 2,"Have an option between Design #1 and Design #2,",1.0,,
5,0ysr1j7s,4,s4,6,0.0,1.0,0.0,200.0,1.0,0.5,2.0,-0.4666666666666666,0.2857142857142857,0.023255813953488372,,0.0,,0.26245847176079734,,19.0,8.0,Male,0.0,0.0,0.0,3.0,3.0,0.5,0.5,0.0,0.0,5,0.5,1.0,Design 2,Design 2,"Have an option between Design #1 and Design #2,",1.0,,
6,0ysr1j7s,5,s4,22,0.0,1.0,1.0,205.0,1.0,1.0,2.0,-0.4666666666666666,0.7272727272727273,0.038461538461538464,0.5,0.2,,0.6888111888111889,0.3,19.0,8.0,Male,0.0,0.0,0.0,11.0,11.0,0.5,0.5,0.0,0.0,5,0.5,0.5,Design 2,Design 2,"Have an option between Design #1 and Design #2,",1.0,,
7,1c9lzru0,2,s1,22,16.0,1.0,0.0,180.0,0.0,0.0,7.0,-0.30000000000000004,0.375,0.8,0.0,1.0,1.375,-0.42500000000000004,-1.0,23.0,12.0,Male,1.0,1.0,0.0,11.0,11.0,0.49672128957015116,0.5034076792923127,0.05095127404429711,0.044547911940170305,4,1.0,0.5,Design 2,Design 2,"Have an option between Design #1 and Design #2,",,5.0,4.0
8,1c9lzru0,3,s1,14,19.0,1.0,1.0,220.0,0.0,0.5,7.0,-0.3000000000000001,0.36363636363636365,0.25,1.0,0.0,0.7368421052631579,0.11363636363636365,1.0,23.0,12.0,Male,1.0,1.0,0.0,7.0,7.0,0.46551942453734707,0.5016984098798332,0.023083209051401186,0.046501088265402175,1,0.25,0.5,Design 2,Design 2,"Have an option between Design #1 and Design #2,",,5.0,4.0
9,1c9lzru0,4,s1,14,14.0,0.0,0.0,80.0,0.0,0.5,7.0,-0.3000000000000001,0.42857142857142855,0.2,1.0,0.25,1.0,0.22857142857142854,0.75,23.0,12.0,Male,1.0,1.0,0.0,7.0,7.0,0.49561278357534283,0.485728585063721,0.04802577362785459,0.0597872803292768,2,1.0,0.75,Design 2,Design 2,"Have an option between Design #1 and Design #2,",,5.0,4.0
10,1c9lzru0,5,s1,12,17.0,0.0,1.0,195.0,0.0,1.0,7.0,-0.30000000000000004,0.4000000000000001,0.05000000000000001,0.6666666666666666,0.0,0.7058823529411765,0.3500000000000001,0.6666666666666666,23.0,12.0,Male,1.0,1.0,0.0,7.0,7.0,0.47362054522675656,0.525930688793708,0.03352023553239825,0.041323603414131584,1,0.75,1.0,Design 2,Design 2,"Have an option between Design #1 and Design #2,",,5.0,4.0
11,1f2rfly4,2,s2,8,16.0,1.0,1.0,150.0,0.0,0.5,5.0,-0.5,0.21428571428571427,0.0,0.0,0.0,0.5,0.21428571428571427,0.0,22.0,12.0,Female,1.0,1.0,1.0,4.0,4.0,0.5187975000166274,0.524909845547878,0.054761185511986894,0.03747439331398967,4,1.0,0.25,Design 1,Design 1,Only trade on Design #1,3.0,,
12,1f2rfly4,3,s2,16,19.0,1.0,0.0,200.0,0.0,0.5,5.0,-0.5,0.26666666666666666,0.11764705882352941,0.0,0.0,0.8421052631578947,0.14901960784313725,0.0,22.0,12.0,Female,1.0,1.0,1.0,10.0,10.0,0.49131903948231304,0.4923996656506797,0.033684346398547324,0.021228274534065037,2,0.5,0.25,Design 1,Design 1,Only trade on Design #1,3.0,,
13,1f2rfly4,4,s2,8,14.0,0.0,1.0,150.0,0.0,0.5,5.0,-0.5,0.2,0.06451612903225806,0.0,0.0,0.5714285714285714,0.13548387096774195,0.0,22.0,12.0,Female,1.0,1.0,1.0,6.0,6.0,0.5003042934420739,0.5089716713050921,0.0559389336722284,0.010826168526922654,4,0.5,0.25,Design 1,Design 1,Only trade on Design #1,3.0,,
14,1f2rfly4,5,s2,12,17.0,0.0,0.0,195.0,0.0,0.5,5.0,-0.5,0.2352941176470588,0.10526315789473684,0.0,0.16666666666666666,0.7058823529411765,0.13003095975232196,-0.16666666666666666,22.0,12.0,Female,1.0,1.0,1.0,7.0,7.0,0.47734797376497035,0.5141282366712666,0.043062612414999105,0.041067624672730764,2,1.0,0.5,Design 1,Design 1,Only trade on Design #1,3.0,,
15,2f9gqu83,2,s2,14,16.0,0.0,0.0,230.0,1.0,0.0,2.0,-0.7166666666666666,0.2777777777777778,0.08333333333333333,0.25,0.0,0.875,0.19444444444444448,0.25,20.0,11.0,Female,1.0,0.0,1.0,7.0,7.0,0.48322114531698623,0.5213275649205608,0.05946822250857752,0.04014392771912484,4,1.0,0.5,Design 2,Design 2,"Have an option between Design #1 and Design #2,",5.0,,
16,2f9gqu83,3,s2,12,19.0,0.0,1.0,245.0,1.0,0.5,2.0,-0.7166666666666665,0.375,0.0,0.6666666666666666,0.0,0.631578947368421,0.375,0.6666666666666666,20.0,11.0,Female,1.0,0.0,1.0,6.0,6.0,0.47735654352579293,0.5264764210814455,0.04658179278350577,0.039753649631000025,2,0.5,0.75,Design 2,Design 2,"Have an option between Design #1 and Design #2,",5.0,,
17,2f9gqu83,4,s2,8,14.0,1.0,0.0,175.0,1.0,0.0,2.0,-0.7166666666666666,0.25,0.125,0.5,0.0,0.5714285714285714,0.125,0.5,20.0,11.0,Female,1.0,0.0,1.0,4.0,4.0,0.4627528203527559,0.5467017885924302,0.047447190484238115,0.03898334663482193,2,1.0,0.75,Design 2,Design 2,"Have an option between Design #1 and Design #2,",5.0,,
18,2f9gqu83,5,s2,12,17.0,1.0,1.0,245.0,1.0,0.5,2.0,-0.7166666666666665,0.2857142857142857,0.25,0.3333333333333333,0.0,0.7058823529411765,0.0357142857142857,0.3333333333333333,20.0,11.0,Female,1.0,0.0,1.0,6.0,6.0,0.4561935414423572,0.522094819365305,0.0404458260311306,0.03153646171854202,4,0.5,0.75,Design 2,Design 2,"Have an option between Design #1 and Design #2,",5.0,,
19,34e7d6u1,2,s1,26,16.0,0.0,0.0,185.0,1.0,0.5,3.0,-0.7,0.5384615384615384,0.4,1.0,0.4,1.625,0.1384615384615384,0.6,23.0,12.0,Female,0.0,0.0,0.0,14.0,14.0,0.4807494607410724,0.48561354822528185,0.03652577902673922,0.05132360706430833,2,0.5,0.25,Design 2,Design 2,"Have an option between Design #1 and Design #2,",,3.0,3.0
20,34e7d6u1,3,s1,5,19.0,0.0,1.0,165.0,1.0,0.5,3.0,-0.7,0.15384615384615385,0.0,0.0,0.0,0.2631578947368421,0.15384615384615385,0.0,23.0,12.0,Female,0.0,0.0,0.0,2.0,3.0,0.5101744529928209,0.5025829745772548,0.057878054530428776,0.04708890860641385,2,0.5,0.25,Design 2,Design 2,"Have an option between Design #1 and Design #2,",,3.0,3.0
21,34e7d6u1,4,s1,6,14.0,1.0,0.0,175.0,1.0,0.5,3.0,-0.6999999999999998,0.25,0.05555555555555555,1.0,0.0,0.42857142857142855,0.19444444444444445,1.0,23.0,12.0,Female,0.0,0.0,0.0,3.0,3.0,0.4400660843230768,0.5599686515663735,0.004278936813908549,0.006371274043416325,2,1.0,0.25,Design 2,Design 2,"Have an option between Design #1 and Design #2,",,3.0,3.0
22,34e7d6u1,5,s1,4,17.0,1.0,1.0,200.0,1.0,0.5,3.0,-0.7,0.15384615384615385,0.0,0.5,0.0,0.23529411764705882,0.15384615384615385,0.5,23.0,12.0,Female,0.0,0.0,0.0,2.0,2.0,0.4386260089907298,0.5595017871464724,0.0299436031344921,0.01197201652142907,4,0.5,0.75,Design 2,Design 2,"Have an option between Design #1 and Design #2,",,3.0,3.0
23,3cbm3sys,2,s2,8,16.0,1.0,0.0,180.0,0.0,0.5,7.0,-0.21666666666666667,0.2,0.0,0.6666666666666666,0.0,0.5,0.2,0.6666666666666666,22.0,11.0,Male,0.0,0.0,0.0,4.0,4.0,0.4990880337565644,0.5362678560676812,0.041687887009593035,0.038237339717145304,3,0.75,0.5,Design 2,Design 1,"Have an option between Design #1 and Design #2,",3.0,,
24,3cbm3sys,3,s2,10,19.0,1.0,1.0,255.0,0.0,0.5,7.0,-0.2166666666666667,0.2,0.0,0.6666666666666666,0.0,0.5263157894736842,0.2,0.6666666666666666,22.0,11.0,Male,0.0,0.0,0.0,5.0,5.0,0.4513458947949256,0.5382957372341098,0.016858513243376276,0.03447408579941771,2,0.5,0.75,Design 2,Design 1,"Have an option between Design #1 and Design #2,",3.0,,
25,3cbm3sys,4,s2,6,14.0,0.0,0.0,185.0,0.0,0.5,7.0,-0.21666666666666667,0.25,0.03125,1.0,0.0,0.42857142857142855,0.21875,1.0,22.0,11.0,Male,0.0,0.0,0.0,3.0,3.0,0.4504007962610816,0.5373011124049311,0.0065445752292904455,0.02338377258721955,2,1.0,0.75,Design 2,Design 1,"Have an option between Design #1 and Design #2,",3.0,,
26,3cbm3sys,5,s2,8,17.0,0.0,1.0,190.0,0.0,1.0,7.0,-0.21666666666666667,0.23076923076923078,0.0,0.6666666666666666,0.0,0.47058823529411764,0.23076923076923078,0.6666666666666666,22.0,11.0,Male,0.0,0.0,0.0,4.0,4.0,0.4625980299425536,0.5447356562187213,0.01315361892089022,0.007241635135171715,4,0.5,0.5,Design 2,Design 1,"Have an option between Design #1 and Design #2,",3.0,,
27,41x3lsag,2,s1,12,16.0,1.0,1.0,200.0,0.0,0.5,7.0,-0.30000000000000004,0.5454545454545454,0.0,0.0,0.0,0.75,0.5454545454545454,0.0,20.0,12.0,Female,1.0,0.0,0.0,6.0,6.0,0.47345745243166437,0.5233813771781607,0.03591335811272486,0.022391047487862005,4,1.0,0.5,Design 2,Design 2,"Have an option between Design #1 and Design #2,",,4.0,3.0
28,41x3lsag,3,s1,18,19.0,1.0,0.0,275.0,0.0,0.5,7.0,-0.30000000000000004,0.5714285714285714,0.0,1.0,0.0,0.9473684210526315,0.5714285714285714,1.0,20.0,12.0,Female,1.0,0.0,0.0,9.0,9.0,0.4596518673834678,0.5261731536095201,0.02094442059053194,0.02749076487940956,4,1.0,0.5,Design 2,Design 2,"Have an option between Design #1 and Design #2,",,4.0,3.0
29,41x3lsag,4,s1,10,14.0,0.0,1.0,180.0,0.0,1.0,7.0,-0.30000000000000004,0.6666666666666666,0.041666666666666664,1.0,0.0,0.7142857142857143,0.625,1.0,20.0,12.0,Female,1.0,0.0,0.0,10.0,10.0,0.45942025005874665,0.5226444512471811,0.015438813489922834,0.028398754819344344,4,0.5,0.25,Design 2,Design 2,"Have an option between Design #1 and Design #2,",,4.0,3.0
30,41x3lsag,5,s1,12,17.0,0.0,0.0,180.0,0.0,0.5,7.0,-0.30000000000000004,0.38461538461538464,0.043478260869565216,0.6666666666666666,0.0,0.7058823529411765,0.3411371237458194,0.6666666666666666,20.0,12.0,Female,1.0,0.0,0.0,6.0,6.0,0.4776054489019401,0.5259023990886608,0.03794398522272361,0.032322899959352024,2,1.0,0.25,Design 2,Design 2,"Have an option between Design #1 and Design #2,",,4.0,3.0
31,5c7udvpd,2,s3,6,16.0,1.0,1.0,210.0,0.0,1.0,5.0,-0.3333333333333333,0.07692307692307693,0.0,0.20000000000000004,0.0,0.375,0.07692307692307693,0.20000000000000004,23.0,10.0,Male,1.0,0.0,0.0,3.0,3.0,0.4572891772491587,0.5214565323335396,0.03302697352826534,0.04717509671864996,4,1.0,0.5,Design 2,Design 2,"Have an option between Design #1 and Design #2,",5.0,5.0,5.0
32,5c7udvpd,3,s3,14,19.0,1.0,0.0,215.0,0.0,0.5,5.0,-0.33333333333333337,0.375,0.08333333333333333,1.0,0.0,0.7368421052631579,0.2916666666666667,1.0,23.0,10.0,Male,1.0,0.0,0.0,7.0,7.0,0.4695673034133491,0.5249522597143834,0.02255743740677672,0.038744472771965514,4,1.0,0.25,Design 2,Design 2,"Have an option between Design #1 and Design #2,",5.0,5.0,5.0
33,5c7udvpd,4,s3,9,14.0,0.0,1.0,190.0,0.0,0.5,5.0,-0.33333333333333337,0.25,0.11538461538461539,1.0,0.25,0.6428571428571429,0.1346153846153846,0.75,23.0,10.0,Male,1.0,0.0,0.0,5.0,6.0,0.4603531446546482,0.5606823837751616,0.00851166492640907,0.01159993537868487,4,0.5,0.25,Design 2,Design 2,"Have an option between Design #1 and Design #2,",5.0,5.0,5.0
34,5c7udvpd,5,s3,6,17.0,0.0,0.0,170.0,0.0,0.5,5.0,-0.3333333333333333,0.3333333333333333,0.0,0.3333333333333333,0.0,0.35294117647058826,0.3333333333333333,0.3333333333333333,23.0,10.0,Male,1.0,0.0,0.0,5.0,5.0,0.4640270306821461,0.5595874777659772,0.013098492277874811,0.011636483345719614,5,0.25,1.0,Design 2,Design 2,"Have an option between Design #1 and Design #2,",5.0,5.0,5.0
35,5gtepg45,2,s1,12,16.0,0.0,1.0,220.0,1.0,0.5,6.0,-0.31666666666666665,0.2631578947368421,0.0909090909090909,0.5,0.3333333333333333,0.75,0.1722488038277512,0.16666666666666669,21.0,11.0,Male,1.0,1.0,1.0,6.0,6.0,0.4736444122601486,0.5105080933447476,0.051741489522569545,0.044254318832798116,4,1.0,0.5,Design 2,Design 2,"Have an option between Design #1 and Design #2,",,4.0,4.0
36,5gtepg45,3,s1,12,19.0,0.0,0.0,205.0,1.0,1.0,6.0,-0.31666666666666665,0.4000000000000001,0.0588235294117647,,0.0,0.631578947368421,0.34117647058823536,,21.0,11.0,Male,1.0,1.0,1.0,6.0,6.0,0.4710664773214692,0.5087883149254703,0.053288833243324556,0.03840837267938406,4,1.0,0.5,Design 2,Design 2,"Have an option between Design #1 and Design #2,",,4.0,4.0
37,5gtepg45,4,s1,6,14.0,1.0,1.0,170.0,1.0,0.5,6.0,-0.31666666666666665,0.2857142857142857,0.041666666666666664,0.0,0.0,0.42857142857142855,0.24404761904761904,0.0,21.0,11.0,Male,1.0,1.0,1.0,4.0,4.0,0.45575671420854896,0.5437435964838191,0.014434277979762461,0.02544624896067735,4,0.5,0.5,Design 2,Design 2,"Have an option between Design #1 and Design #2,",,4.0,4.0
38,5gtepg45,5,s1,16,17.0,1.0,0.0,240.0,1.0,1.0,6.0,-0.31666666666666665,0.38461538461538464,0.21428571428571427,0.6666666666666666,0.3333333333333333,0.9411764705882353,0.17032967032967036,0.3333333333333333,21.0,11.0,Male,1.0,1.0,1.0,8.0,8.0,0.46085932980114436,0.5257974012135839,0.032176974752130834,0.038484485094816556,4,0.5,0.25,Design 2,Design 2,"Have an option between Design #1 and Design #2,",,4.0,4.0
39,5kbeb2zm,2,s1,4,16.0,0.0,0.0,170.0,1.0,0.5,6.0,-0.4,0.05555555555555555,0.09090909090909091,0.5,0.0,0.25,-0.03535353535353536,0.5,22.0,12.0,Female,1.0,0.0,0.0,2.0,2.0,0.44945592890348424,0.5429978393225198,0.007832326662865152,0.00926543996271938,3,0.75,0.25,Design 1,Design 1,"Have an option between Design #1 and Design #2,",,4.0,1.0
40,5kbeb2zm,3,s1,4,19.0,0.0,1.0,190.0,1.0,0.5,6.0,-0.4,0.1,0.0,0.3333333333333333,0.0,0.21052631578947367,0.1,0.3333333333333333,22.0,12.0,Female,1.0,0.0,0.0,2.0,2.0,0.4507222129565225,0.5528901492203663,0.014965799183422925,0.024273819172434794,2,0.5,0.25,Design 1,Design 1,"Have an option between Design #1 and Design #2,",,4.0,1.0
41,5kbeb2zm,4,s1,4,14.0,1.0,0.0,180.0,1.0,0.5,6.0,-0.4,0.16666666666666666,0.029411764705882353,1.0,0.0,0.2857142857142857,0.1372549019607843,1.0,22.0,12.0,Female,1.0,0.0,0.0,2.0,2.0,0.43974322506454055,0.5299366904575961,0.005999430965508999,0.04494707689282208,4,0.5,0.25,Design 1,Design 1,"Have an option between Design #1 and Design #2,",,4.0,1.0
42,5kbeb2zm,5,s1,4,17.0,1.0,1.0,200.0,1.0,0.5,6.0,-0.4,0.08695652173913043,0.0,0.25,0.0,0.23529411764705882,0.08695652173913043,0.25,22.0,12.0,Female,1.0,0.0,0.0,2.0,2.0,0.4246164994740559,0.5595017871464724,0.010131164773816925,0.01197201652142907,4,0.5,0.25,Design 1,Design 1,"Have an option between Design #1 and Design #2,",,4.0,1.0
43,5wgi88t6,2,s1,4,16.0,0.0,1.0,225.0,1.0,0.0,6.0,-0.31666666666666665,0.08333333333333333,0.0,0.4,0.0,0.25,0.08333333333333333,0.4,22.0,11.0,Male,1.0,0.0,0.0,2.0,2.0,0.45676890701810235,0.5654634325585908,0.030873723103427637,0.022505706678489498,4,1.0,0.75,Design 2,Design 2,Only trade on Design #1,,4.0,3.0
44,5wgi88t6,3,s1,2,19.0,0.0,0.0,170.0,1.0,1.0,6.0,-0.31666666666666665,0.04,0.0,0.0,0.0,0.10526315789473684,0.04,0.0,22.0,11.0,Male,1.0,0.0,0.0,1.0,1.0,0.442461876115205,0.5357259670782416,,,2,0.5,0.5,Design 2,Design 2,Only trade on Design #1,,4.0,3.0
45,5wgi88t6,4,s1,4,14.0,1.0,1.0,175.0,1.0,0.5,6.0,-0.31666666666666665,0.25,0.030303030303030304,0.0,0.0,0.2857142857142857,0.2196969696969697,0.0,22.0,11.0,Male,1.0,0.0,0.0,2.0,2.0,0.475289375526461,0.5742645891496443,0.018720755464356222,0.0042217174458133895,4,0.5,0.75,Design 2,Design 2,Only trade on Design #1,,4.0,3.0
46,5wgi88t6,5,s1,6,17.0,1.0,0.0,190.0,1.0,1.0,6.0,-0.31666666666666665,0.21428571428571427,0.0,0.6666666666666666,0.0,0.35294117647058826,0.21428571428571427,0.6666666666666666,22.0,11.0,Male,1.0,0.0,0.0,3.0,3.0,0.4501387957128525,0.5573131449450561,0.026748035943586712,0.009275508279989094,4,0.5,0.75,Design 2,Design 2,Only trade on Design #1,,4.0,3.0
47,5ymfsw49,2,s4,25,0.0,0.0,1.0,205.0,1.0,0.0,6.0,-0.4,0.2916666666666667,1.0,0.0,,,-0.7083333333333333,,22.0,12.0,Male,1.0,1.0,1.0,12.0,13.0,0.5,0.5,0.0,0.0,2,0.75,0.5,Design 1,Design 1,"Have an option between Design #1 and Design #2,",3.0,,
48,5ymfsw49,3,s4,22,0.0,0.0,0.0,220.0,1.0,0.0,6.0,-0.4,0.18518518518518515,0.8,0.0,0.0,,-0.6148148148148149,0.0,22.0,12.0,Male,1.0,1.0,1.0,11.0,11.0,0.5,0.5,0.0,0.0,1,0.5,0.5,Design 1,Design 1,"Have an option between Design #1 and Design #2,",3.0,,
49,5ymfsw49,4,s4,28,0.0,1.0,1.0,180.0,1.0,0.0,6.0,-0.4,0.18181818181818182,1.0,0.0,,,-0.8181818181818181,,22.0,12.0,Male,1.0,1.0,1.0,14.0,14.0,0.5,0.5,0.0,0.0,4,0.75,0.5,Design 1,Design 1,"Have an option between Design #1 and Design #2,",3.0,,
50,5ymfsw49,5,s4,33,0.0,1.0,0.0,80.0,1.0,0.0,6.0,-0.4,0.2857142857142857,1.0,0.0,,,-0.7142857142857143,,22.0,12.0,Male,1.0,1.0,1.0,16.0,17.0,0.5,0.5,0.0,0.0,2,0.75,0.5,Design 1,Design 1,"Have an option between Design #1 and Design #2,",3.0,,
51,7eu86eyg,2,s2,8,16.0,0.0,1.0,200.0,1.0,0.0,5.0,-0.5,0.36363636363636365,0.0,0.0,0.0,0.5,0.36363636363636365,0.0,22.0,12.0,Male,1.0,0.0,1.0,4.0,4.0,0.45117012071483414,0.5208210698404511,0.023097218481249127,0.03919230811626454,4,1.0,0.75,Design 1,Design 2,"Have an option between Design #1 and Design #2,",3.0,,
52,7eu86eyg,3,s2,12,19.0,0.0,0.0,195.0,1.0,0.5,5.0,-0.5,0.6666666666666666,0.0,0.0,0.0,0.631578947368421,0.6666666666666666,0.0,22.0,12.0,Male,1.0,0.0,1.0,6.0,6.0,0.4673434518079523,0.5193805287376354,0.01998257184316275,0.016242059111156868,4,1.0,0.75,Design 1,Design 2,"Have an option between Design #1 and Design #2,",3.0,,
53,7eu86eyg,4,s2,6,14.0,1.0,1.0,155.0,1.0,0.5,5.0,-0.5,0.4000000000000001,0.041666666666666664,,0.0,0.42857142857142855,0.3583333333333334,,22.0,12.0,Male,1.0,0.0,1.0,3.0,3.0,0.45525251073955375,0.5326482935118975,0.010478163303380668,0.034344444996694264,4,0.5,1.0,Design 1,Design 2,"Have an option between Design #1 and Design #2,",3.0,,
54,7eu86eyg,5,s2,12,17.0,1.0,0.0,230.0,1.0,0.5,5.0,-0.5,0.45454545454545453,0.06666666666666667,1.0,0.0,0.7058823529411765,0.3878787878787879,1.0,22.0,12.0,Male,1.0,0.0,1.0,6.0,6.0,0.4526856242420063,0.5324067545434551,0.02596308406014838,0.017855541429451085,5,0.25,1.0,Design 1,Design 2,"Have an option between Design #1 and Design #2,",3.0,,
55,7jonfg2l,2,s2,20,16.0,1.0,1.0,245.0,0.0,0.0,6.0,-0.31666666666666665,0.2692307692307692,0.5,0.0,,1.25,-0.23076923076923078,,20.0,11.0,Male,1.0,1.0,1.0,10.0,10.0,0.5061045213300577,0.5019389450491428,0.02815226246037177,0.019930057674299114,4,1.0,0.75,Design 1,Design 1,"Have an option between Design #1 and Design #2,",2.0,,
56,7jonfg2l,3,s2,27,19.0,1.0,0.0,175.0,0.0,0.0,6.0,-0.31666666666666665,0.2777777777777778,0.7777777777777778,0.2,0.0,1.4210526315789473,-0.5,0.2,20.0,11.0,Male,1.0,1.0,1.0,13.0,14.0,0.505886368285657,0.48833900640830075,0.017852855477987224,0.026674338923593766,2,0.5,0.75,Design 1,Design 1,"Have an option between Design #1 and Design #2,",2.0,,
57,7jonfg2l,4,s2,22,14.0,0.0,1.0,195.0,0.0,0.0,6.0,-0.31666666666666665,0.2,0.36363636363636365,0.5,0.0,1.5714285714285714,-0.16363636363636364,0.5,20.0,11.0,Male,1.0,1.0,1.0,11.0,11.0,0.4851792927366912,0.49774291856066905,0.03903488809776453,0.03897725153076072,2,1.0,0.5,Design 1,Design 1,"Have an option between Design #1 and Design #2,",2.0,,
58,7qzgrb99,2,s1,9,16.0,1.0,0.0,190.0,0.0,0.5,7.0,-0.21666666666666667,0.4,0.03225806451612903,0.5,0.125,0.5625,0.367741935483871,0.375,22.0,11.0,Male,1.0,1.0,1.0,4.0,5.0,0.488287115053595,0.5412551632957519,0.0288942108871521,0.024981305742106885,4,1.0,0.5,Design 1,Design 2,"Have an option between Design #1 and Design #2,",,4.0,2.0
59,7qzgrb99,3,s1,24,19.0,1.0,1.0,230.0,0.0,0.5,7.0,-0.21666666666666667,0.8181818181818182,0.2222222222222222,1.0,0.0,1.263157894736842,0.595959595959596,1.0,22.0,11.0,Male,1.0,1.0,1.0,12.0,12.0,0.4685000493442959,0.5087869050571204,0.03270321073506338,0.04029991043568159,2,0.5,0.75,Design 1,Design 2,"Have an option between Design #1 and Design #2,",,4.0,2.0
60,7qzgrb99,4,s1,4,14.0,0.0,0.0,120.0,0.0,0.5,7.0,-0.21666666666666667,0.0,0.045454545454545456,,0.0,0.2857142857142857,-0.045454545454545456,,22.0,11.0,Male,1.0,1.0,1.0,2.0,2.0,0.48022340745499,0.5401963687748537,0.021946779091402854,0.0354760838950675,2,1.0,0.25,Design 1,Design 2,"Have an option between Design #1 and Design #2,",,4.0,2.0
61,7qzgrb99,5,s1,8,17.0,0.0,1.0,250.0,0.0,0.5,7.0,-0.21666666666666667,0.25,0.0,0.0,0.0,0.47058823529411764,0.25,0.0,22.0,11.0,Male,1.0,1.0,1.0,4.0,4.0,0.4437425229627986,0.5559779538696634,0.01486498363712651,0.021111355850687862,2,1.0,0.25,Design 1,Design 2,"Have an option between Design #1 and Design #2,",,4.0,2.0
62,8vfnqphr,2,s1,10,16.0,1.0,1.0,225.0,0.0,0.0,5.0,-0.5,0.22222222222222224,0.2,0.0,0.5,0.625,0.022222222222222227,-0.5,23.0,12.0,Male,1.0,1.0,1.0,5.0,5.0,0.4452170399674696,0.5016672937585038,0.023308516125552462,0.03593141005179242,4,1.0,0.75,Design 1,Design 1,"Have an option between Design #1 and Design #2,",,1.0,3.0
63,8vfnqphr,3,s1,6,19.0,1.0,0.0,170.0,0.0,0.5,5.0,-0.5,0.25,0.0,0.0,0.0,0.3157894736842105,0.25,0.0,23.0,12.0,Male,1.0,1.0,1.0,3.0,3.0,0.47134035086245446,0.5175375166576203,0.025930632728981905,0.026370303407382275,2,0.5,0.75,Design 1,Design 1,"Have an option between Design #1 and Design #2,",,1.0,3.0
64,8vfnqphr,4,s1,6,14.0,0.0,1.0,165.0,0.0,0.5,5.0,-0.5,0.6666666666666666,0.02631578947368421,,0.0,0.42857142857142855,0.6403508771929824,,23.0,12.0,Male,1.0,1.0,1.0,3.0,3.0,0.4759518246391061,0.5308221736897307,0.05012395288796348,0.04090149573125321,2,1.0,0.75,Design 1,Design 1,"Have an option between Design #1 and Design #2,",,1.0,3.0
65,8vfnqphr,5,s1,8,17.0,0.0,0.0,200.0,0.0,0.0,5.0,-0.5,0.2,0.0,1.0,0.0,0.47058823529411764,0.2,1.0,23.0,12.0,Male,1.0,1.0,1.0,4.0,4.0,0.44950559637961707,0.5396598935156184,0.0075085647645406805,0.01345392690092288,3,0.75,0.0,Design 1,Design 1,"Have an option between Design #1 and Design #2,",,1.0,3.0
66,8vrmmtmo,2,s4,16,0.0,1.0,1.0,110.0,0.0,0.5,7.0,-0.30000000000000004,0.75,0.06451612903225806,0.0,0.0,,0.685483870967742,0.0,21.0,12.0,Female,1.0,1.0,1.0,11.0,11.0,0.5,0.5,0.0,0.0,2,0.75,0.5,Design 2,Design 1,"Have an option between Design #1 and Design #2,",4.0,,
67,8vrmmtmo,3,s4,20,0.0,1.0,0.0,155.0,0.0,0.5,7.0,-0.30000000000000004,0.3333333333333333,0.23809523809523808,0.0,0.25,,0.09523809523809523,-0.25,21.0,12.0,Female,1.0,1.0,1.0,10.0,10.0,0.5,0.5,0.0,0.0,2,0.75,0.75,Design 2,Design 1,"Have an option between Design #1 and Design #2,",4.0,,
68,8vrmmtmo,4,s4,15,0.0,0.0,1.0,200.0,0.0,0.5,7.0,-0.30000000000000004,0.75,0.06451612903225806,,0.0,,0.685483870967742,,21.0,12.0,Female,1.0,1.0,1.0,7.0,8.0,0.5,0.5,0.0,0.0,4,0.75,0.75,Design 2,Design 1,"Have an option between Design #1 and Design #2,",4.0,,
69,93y42seh,2,s1,10,16.0,0.0,0.0,165.0,1.0,0.5,9.0,-0.016666666666666607,0.125,0.25,0.25,0.0,0.625,-0.125,0.25,20.0,11.0,Male,1.0,1.0,1.0,7.0,7.0,0.49080224896987135,0.49820771120109153,0.0437116843410751,0.0530687827801944,4,1.0,0.75,Design 2,Design 2,"Have an option between Design #1 and Design #2,",,4.0,5.0
70,93y42seh,3,s1,18,19.0,0.0,1.0,195.0,1.0,0.5,9.0,-0.016666666666666607,0.375,0.13333333333333333,0.5,0.0,0.9473684210526315,0.24166666666666667,0.5,20.0,11.0,Male,1.0,1.0,1.0,12.0,12.0,0.48228573391766844,0.5159502701852107,0.04137110445753192,0.04057539014902431,5,0.75,0.75,Design 2,Design 2,"Have an option between Design #1 and Design #2,",,4.0,5.0
71,93y42seh,4,s1,20,14.0,1.0,0.0,0.0,1.0,0.5,9.0,-0.016666666666666607,0.25,0.2258064516129032,0.0,0.6666666666666666,1.4285714285714286,0.024193548387096808,-0.6666666666666666,20.0,11.0,Male,1.0,1.0,1.0,16.0,16.0,0.525218027007041,0.48823705799819794,0.04830962397479395,0.04651821875398166,4,0.5,0.25,Design 2,Design 2,"Have an option between Design #1 and Design #2,",,4.0,5.0
72,93y42seh,5,s1,12,17.0,1.0,1.0,195.0,1.0,1.0,9.0,-0.016666666666666607,0.2222222222222222,0.125,0.75,0.0,0.7058823529411765,0.09722222222222221,0.75,20.0,11.0,Male,1.0,1.0,1.0,11.0,11.0,0.48381773202871514,0.5329777312654426,0.05365587897986765,0.04627585388931748,4,0.5,0.75,Design 2,Design 2,"Have an option between Design #1 and Design #2,",,4.0,5.0
73,9xz1zuoz,2,s4,6,0.0,1.0,1.0,170.0,0.0,1.0,10.0,0.0,0.20000000000000004,0.041666666666666664,1.0,0.20000000000000004,,0.15833333333333338,0.7999999999999999,20.0,12.0,Female,1.0,1.0,1.0,4.0,4.0,0.5,0.5,0.0,0.0,5,0.5,1.0,Design 2,Design 2,"Have an option between Design #1 and Design #2,",5.0,,
74,9xz1zuoz,4,s4,1,0.0,0.0,1.0,185.0,0.0,1.0,10.0,0.0,0.047619047619047616,0.0,0.0,0.0,,0.047619047619047616,0.0,20.0,12.0,Female,1.0,1.0,1.0,0.0,1.0,,0.5,,,4,0.75,1.0,Design 2,Design 2,"Have an option between Design #1 and Design #2,",5.0,,
75,9xz1zuoz,5,s4,4,0.0,0.0,0.0,205.0,0.0,1.0,10.0,0.0,0.125,0.0,0.0,0.0,,0.125,0.0,20.0,12.0,Female,1.0,1.0,1.0,2.0,2.0,0.5,0.5,0.0,0.0,5,0.5,1.0,Design 2,Design 2,"Have an option between Design #1 and Design #2,",5.0,,
76,aqvtf4p9,2,s3,18,16.0,1.0,1.0,195.0,0.0,0.5,1.0,-0.8999999999999999,0.1875,0.3076923076923077,0.0,0.0,1.125,-0.12019230769230771,0.0,21.0,12.0,Male,1.0,0.0,0.0,9.0,9.0,0.49270542956266283,0.4968533281658725,0.038450261420974755,0.02747893506630009,4,1.0,0.75,Design 1,Design 1,"Have an option between Design #1 and Design #2,",5.0,5.0,5.0
77,aqvtf4p9,3,s3,15,19.0,1.0,0.0,180.0,0.0,0.5,1.0,-0.9,0.6666666666666666,0.2105263157894737,,0.0,0.7894736842105263,0.45614035087719296,,21.0,12.0,Male,1.0,0.0,0.0,7.0,8.0,0.4754691978337763,0.5055916360298093,0.018725555030986406,0.028979608990887144,4,1.0,0.5,Design 1,Design 1,"Have an option between Design #1 and Design #2,",5.0,5.0,5.0
78,aqvtf4p9,4,s3,6,14.0,0.0,1.0,105.0,0.0,0.5,1.0,-0.9,0.0,0.04545454545454545,0.0,0.0,0.42857142857142855,-0.04545454545454545,0.0,21.0,12.0,Male,1.0,0.0,0.0,3.0,3.0,0.54806021142128,0.5367468004263526,0.01333560121519482,0.03563363934091224,2,1.0,0.25,Design 1,Design 1,"Have an option between Design #1 and Design #2,",5.0,5.0,5.0
79,aqvtf4p9,5,s3,18,17.0,0.0,0.0,155.0,0.0,0.5,1.0,-0.8999999999999999,0.8333333333333334,0.1111111111111111,1.0,0.0,1.0588235294117647,0.7222222222222223,1.0,21.0,12.0,Male,1.0,0.0,0.0,9.0,9.0,0.49786011612173653,0.5318364384439838,0.01510938832952907,0.02700816875259403,1,0.75,0.25,Design 1,Design 1,"Have an option between Design #1 and Design #2,",5.0,5.0,5.0
80,b8u4u74w,2,s4,9,0.0,0.0,0.0,170.0,1.0,0.0,7.0,-0.21666666666666667,0.5,0.0,,0.0,,0.5,,21.0,11.0,Male,1.0,0.0,0.0,4.0,5.0,0.5,0.5,0.0,0.0,4,0.75,0.5,Design 1,Design 1,Only trade on Design #1,1.0,,
81,b8u4u74w,3,s4,5,0.0,0.0,1.0,205.0,1.0,0.0,7.0,-0.2166666666666667,0.23076923076923078,0.0,0.3333333333333333,0.0,,0.23076923076923078,0.3333333333333333,21.0,11.0,Male,1.0,0.0,0.0,2.0,3.0,0.5,0.5,0.0,0.0,4,0.75,0.75,Design 1,Design 1,Only trade on Design #1,1.0,,
82,b8u4u74w,4,s4,1,0.0,1.0,0.0,135.0,1.0,0.0,7.0,-0.21666666666666667,0.0,0.045454545454545456,0.0,0.0,,-0.045454545454545456,0.0,21.0,11.0,Male,1.0,0.0,0.0,0.0,1.0,,0.5,,,2,0.75,0.75,Design 1,Design 1,Only trade on Design #1,1.0,,
83,b8u4u74w,5,s4,6,0.0,1.0,1.0,190.0,1.0,0.5,7.0,-0.21666666666666667,0.21428571428571427,0.0,0.0,0.0,,0.21428571428571427,0.0,21.0,11.0,Male,1.0,0.0,0.0,3.0,3.0,0.5,0.5,0.0,0.0,4,0.75,0.5,Design 1,Design 1,Only trade on Design #1,1.0,,
84,bgjp13q8,2,s3,4,16.0,0.0,1.0,190.0,1.0,0.5,6.0,-0.31666666666666665,0.09090909090909091,0.0,0.3333333333333333,0.0,0.25,0.09090909090909091,0.3333333333333333,20.0,11.0,Female,1.0,0.0,0.0,2.0,2.0,0.46125878179635793,0.5486885510267243,0.02452408129866165,0.0012175582910779674,5,0.75,0.75,Design 2,Design 2,"Have an option between Design #1 and Design #2,",5.0,4.0,4.0
85,bgjp13q8,3,s3,3,19.0,0.0,0.0,195.0,1.0,0.5,6.0,-0.31666666666666665,0.09523809523809523,0.0,0.3333333333333333,0.0,0.15789473684210525,0.09523809523809523,0.3333333333333333,20.0,11.0,Female,1.0,0.0,0.0,1.0,2.0,0.4486815727575955,0.5445873453670677,,0.021206278691663333,4,1.0,0.5,Design 2,Design 2,"Have an option between Design #1 and Design #2,",5.0,4.0,4.0
86,bgjp13q8,5,s3,8,17.0,1.0,0.0,220.0,1.0,0.5,6.0,-0.31666666666666665,0.2,0.0,0.6666666666666666,0.0,0.47058823529411764,0.2,0.6666666666666666,20.0,11.0,Female,1.0,0.0,0.0,4.0,4.0,0.44600203963639723,0.5511980633880337,0.005624121734110997,0.01522540289819403,4,0.5,0.75,Design 2,Design 2,"Have an option between Design #1 and Design #2,",5.0,4.0,4.0
87,bi2jfx42,2,s2,10,16.0,0.0,0.0,230.0,1.0,0.5,5.0,-0.5,0.2777777777777778,0.0,0.4,0.0,0.625,0.2777777777777778,0.4,21.0,12.0,Male,1.0,1.0,1.0,5.0,5.0,0.47957530582025437,0.5296405092585068,0.043013798411585376,0.03703965021451165,4,1.0,0.5,Design 1,Design 1,"Have an option between Design #1 and Design #2,",4.0,,
88,bi2jfx42,3,s2,10,19.0,0.0,1.0,215.0,1.0,0.5,5.0,-0.5,0.4166666666666667,0.0,0.0,0.0,0.5263157894736842,0.4166666666666667,0.0,21.0,12.0,Male,1.0,1.0,1.0,5.0,5.0,0.4852211840105477,0.5225989055399043,0.02413432915796173,0.026455778770897675,2,0.5,0.5,Design 1,Design 1,"Have an option between Design #1 and Design #2,",4.0,,
89,bi2jfx42,4,s2,11,14.0,1.0,0.0,185.0,1.0,0.0,5.0,-0.5,0.2307692307692308,0.13333333333333333,0.3333333333333333,0.25,0.7857142857142857,0.09743589743589748,0.08333333333333331,21.0,12.0,Male,1.0,1.0,1.0,5.0,6.0,0.45866749615303276,0.5295290530940105,0.024028644145186108,0.057408399428129545,2,1.0,0.5,Design 1,Design 1,"Have an option between Design #1 and Design #2,",4.0,,
90,bi2jfx42,5,s2,12,17.0,1.0,1.0,235.0,1.0,0.0,5.0,-0.5,0.4166666666666667,0.1111111111111111,1.0,0.3333333333333333,0.7058823529411765,0.3055555555555556,0.6666666666666667,21.0,12.0,Male,1.0,1.0,1.0,6.0,6.0,0.44822656964758156,0.5424094304453303,0.01880204360881004,0.012375039981007852,4,0.5,0.5,Design 1,Design 1,"Have an option between Design #1 and Design #2,",4.0,,
91,bi5jp617,2,s2,9,16.0,1.0,0.0,190.0,0.0,0.5,7.0,-0.30000000000000004,0.2222222222222222,0.1,0.5,0.0,0.5625,0.1222222222222222,0.5,20.0,12.0,Female,1.0,1.0,0.0,5.0,6.0,0.4544064939935548,0.5104708223846206,0.008482674247009254,0.034777495912909066,2,0.5,0.75,Design 2,Design 2,"Have an option between Design #1 and Design #2,",5.0,,
92,bi5jp617,3,s2,14,19.0,1.0,1.0,230.0,0.0,0.5,7.0,-0.3000000000000001,0.35714285714285715,0.0,1.0,0.0,0.7368421052631579,0.35714285714285715,1.0,20.0,12.0,Female,1.0,1.0,0.0,11.0,11.0,0.470485568376227,0.5213609288102855,0.03247535547622648,0.0396974117338845,4,1.0,1.0,Design 2,Design 2,"Have an option between Design #1 and Design #2,",5.0,,
93,bi5jp617,4,s2,13,14.0,0.0,0.0,115.0,0.0,0.5,7.0,-0.30000000000000004,0.2,0.18181818181818182,,0.16666666666666666,0.9285714285714286,0.018181818181818188,,20.0,12.0,Female,1.0,1.0,0.0,6.0,7.0,0.4844976047333254,0.5142877192763666,0.0466603088335812,0.03007399979556849,4,0.5,1.0,Design 2,Design 2,"Have an option between Design #1 and Design #2,",5.0,,
94,bi5jp617,5,s2,10,17.0,0.0,1.0,100.0,0.0,1.0,7.0,-0.30000000000000004,0.5,0.3,1.0,0.3333333333333333,0.5882352941176471,0.2,0.6666666666666667,20.0,12.0,Female,1.0,1.0,0.0,5.0,5.0,0.486654009706576,0.4895188725078258,0.041857370007236244,0.0410060201867785,4,0.5,1.0,Design 2,Design 2,"Have an option between Design #1 and Design #2,",5.0,,
95,bsjfe8ds,2,s1,8,16.0,0.0,1.0,190.0,1.0,0.0,8.0,-0.19999999999999996,0.2,0.0,0.0,0.0,0.5,0.2,0.0,21.0,12.0,Female,1.0,1.0,1.0,4.0,4.0,0.4930244567793961,0.5105202743673574,0.05369729026669139,0.016335812595613387,4,1.0,0.5,Design 2,Design 2,"Have an option between Design #1 and Design #2,",,3.0,5.0
96,bsjfe8ds,3,s1,12,19.0,0.0,0.0,180.0,1.0,0.5,8.0,-0.19999999999999996,0.26666666666666666,0.1176470588235294,0.0,0.0,0.631578947368421,0.14901960784313728,0.0,21.0,12.0,Female,1.0,1.0,1.0,6.0,6.0,0.4863433714654785,0.5050675982121292,0.049073229934343154,0.023141131939650842,2,0.5,0.25,Design 2,Design 2,"Have an option between Design #1 and Design #2,",,3.0,5.0
97,bsjfe8ds,4,s1,2,14.0,1.0,1.0,140.0,1.0,0.5,8.0,-0.19999999999999996,0.0,0.0,,0.0,0.14285714285714285,0.0,,21.0,12.0,Female,1.0,1.0,1.0,1.0,1.0,0.4957421237757241,0.5193741863096629,,,4,0.5,0.75,Design 2,Design 2,"Have an option between Design #1 and Design #2,",,3.0,5.0
98,bsjfe8ds,5,s1,10,17.0,1.0,0.0,210.0,1.0,1.0,8.0,-0.19999999999999996,0.14285714285714285,0.08333333333333333,0.0,0.0,0.5882352941176471,0.05952380952380952,0.0,21.0,12.0,Female,1.0,1.0,1.0,5.0,5.0,0.4549710670141024,0.5178945923767078,0.02903843939089888,0.0301853967069172,5,0.25,1.0,Design 2,Design 2,"Have an option between Design #1 and Design #2,",,3.0,5.0
99,cj9n1uj4,2,s1,10,16.0,1.0,1.0,170.0,0.0,0.0,5.0,-0.5,0.38461538461538464,0.0,0.3333333333333333,0.0,0.625,0.38461538461538464,0.3333333333333333,22.0,12.0,Female,1.0,1.0,1.0,7.0,7.0,0.486087151433544,0.5192998273449256,0.026752438713122627,0.023343488041032805,4,1.0,0.25,Design 1,Design 1,Only trade on Design #1,,3.0,3.0
100,cj9n1uj4,3,s1,12,19.0,1.0,0.0,150.0,0.0,0.5,5.0,-0.5,0.25,0.15384615384615385,0.0,0.20000000000000004,0.631578947368421,0.09615384615384615,-0.20000000000000004,22.0,12.0,Female,1.0,1.0,1.0,8.0,8.0,0.4738643408727929,0.48559046912265796,0.020695224255911776,0.02100450702835375,2,0.5,0.25,Design 1,Design 1,Only trade on Design #1,,3.0,3.0
101,cj9n1uj4,4,s1,6,14.0,0.0,1.0,125.0,0.0,0.5,5.0,-0.5,0.4000000000000001,0.02631578947368421,0.5,0.125,0.42857142857142855,0.37368421052631584,0.375,22.0,12.0,Female,1.0,1.0,1.0,4.0,4.0,0.4892503357598081,0.5403654275960369,0.01713991411293212,0.029681489673441468,4,0.5,0.25,Design 1,Design 1,Only trade on Design #1,,3.0,3.0
102,cj9n1uj4,5,s1,10,17.0,0.0,0.0,230.0,0.0,0.5,5.0,-0.5,0.16,0.06666666666666667,0.25,0.0,0.5882352941176471,0.09333333333333334,0.25,22.0,12.0,Female,1.0,1.0,1.0,6.0,6.0,0.46186558109734566,0.5338044333952695,0.04326354809437355,0.024235576419395423,4,0.5,0.25,Design 1,Design 1,Only trade on Design #1,,3.0,3.0
103,dhiqzueo,2,s1,4,16.0,0.0,1.0,210.0,1.0,0.5,7.0,-0.21666666666666667,0.07692307692307693,0.0,0.25,0.0,0.25,0.07692307692307693,0.25,21.0,11.0,Male,1.0,1.0,1.0,2.0,2.0,0.44945592890348424,0.5580783144106194,0.007832326662865152,0.0329498409230783,4,1.0,0.5,Design 2,Design 1,"Have an option between Design #1 and Design #2,",,5.0,4.0
104,dhiqzueo,3,s1,6,19.0,0.0,0.0,210.0,1.0,0.5,7.0,-0.21666666666666667,0.15,0.0,0.6666666666666666,0.0,0.3157894736842105,0.15,0.6666666666666666,21.0,11.0,Male,1.0,1.0,1.0,3.0,3.0,0.4636774842364417,0.5595809343151729,0.026837866631644558,0.0207101174347875,2,0.5,0.75,Design 2,Design 1,"Have an option between Design #1 and Design #2,",,5.0,4.0
105,fcp9s0do,2,s2,11,16.0,1.0,0.0,165.0,0.0,0.5,5.0,-0.41666666666666663,0.5,0.05882352941176471,1.0,0.0,0.6875,0.4411764705882353,1.0,21.0,11.0,Male,1.0,1.0,1.0,5.0,6.0,0.4621250488872213,0.5106083726021399,0.040863572740249786,0.05151425574833541,2,0.5,0.75,Design 2,Design 2,"Have an option between Design #1 and Design #2,",5.0,,
106,fcp9s0do,3,s2,17,19.0,1.0,1.0,210.0,0.0,0.5,5.0,-0.41666666666666663,1.0,0.09090909090909091,,0.0,0.8947368421052632,0.9090909090909091,,21.0,11.0,Male,1.0,1.0,1.0,8.0,9.0,0.48495270359806836,0.5207843917962184,0.030826313334867857,0.02269328407811014,2,0.5,1.0,Design 2,Design 2,"Have an option between Design #1 and Design #2,",5.0,,
107,fcp9s0do,4,s2,13,14.0,0.0,0.0,125.0,0.0,1.0,5.0,-0.41666666666666663,0.2857142857142857,0.3125,1.0,0.5,0.9285714285714286,-0.0267857142857143,0.5,21.0,11.0,Male,1.0,1.0,1.0,6.0,7.0,0.4921949000218025,0.5133751692359808,0.046282946113853626,0.041312947382149204,2,1.0,0.75,Design 2,Design 2,"Have an option between Design #1 and Design #2,",5.0,,
108,fcp9s0do,5,s2,12,17.0,0.0,1.0,190.0,0.0,0.0,5.0,-0.4166666666666667,0.5555555555555556,0.0,0.5,0.0,0.7058823529411765,0.5555555555555556,0.5,21.0,11.0,Male,1.0,1.0,1.0,6.0,6.0,0.48934182352811323,0.5401292163975325,0.04610597464118224,0.027448095526428733,5,0.25,1.0,Design 2,Design 2,"Have an option between Design #1 and Design #2,",5.0,,
109,fizyhuoi,2,s3,16,16.0,1.0,1.0,145.0,0.0,0.5,7.0,-0.21666666666666667,0.2777777777777778,0.11764705882352941,0.4,0.16666666666666666,1.0,0.16013071895424838,0.23333333333333336,20.0,11.0,Female,1.0,1.0,1.0,10.0,10.0,0.5128625915793183,0.49690653044134514,0.04283878077578352,0.05382723876650323,4,1.0,0.75,Design 2,Design 2,"Have an option between Design #1 and Design #2,",4.0,3.0,3.0
110,fizyhuoi,3,s3,16,19.0,1.0,0.0,230.0,0.0,0.5,7.0,-0.21666666666666667,0.5,0.0,1.0,0.0,0.8421052631578947,0.5,1.0,20.0,11.0,Female,1.0,1.0,1.0,8.0,8.0,0.4910059910724149,0.5408641795610338,0.04131545969053655,0.02893603053566219,2,0.5,0.5,Design 2,Design 2,"Have an option between Design #1 and Design #2,",4.0,3.0,3.0
111,fizyhuoi,4,s3,16,14.0,0.0,1.0,145.0,0.0,0.5,7.0,-0.21666666666666667,0.5,0.18181818181818182,0.0,0.0,1.1428571428571428,0.3181818181818182,0.0,20.0,11.0,Female,1.0,1.0,1.0,9.0,9.0,0.47906367034588493,0.5011331079356467,0.02215683873225735,0.039893674592559124,2,1.0,0.5,Design 2,Design 2,"Have an option between Design #1 and Design #2,",4.0,3.0,3.0
112,fizyhuoi,5,s3,18,17.0,0.0,0.0,195.0,0.0,0.5,7.0,-0.21666666666666667,0.6666666666666666,0.041666666666666664,1.0,0.0,1.0588235294117647,0.625,1.0,20.0,11.0,Female,1.0,1.0,1.0,11.0,11.0,0.49337155004760114,0.528559658383548,0.04159072868045433,0.0268665384705283,4,0.5,0.75,Design 2,Design 2,"Have an option between Design #1 and Design #2,",4.0,3.0,3.0
113,g4ux0ytr,2,s4,9,0.0,0.0,1.0,125.0,1.0,0.0,3.0,-0.7,0.5,0.07407407407407407,,0.2,,0.42592592592592593,,21.0,12.0,Male,1.0,1.0,1.0,5.0,6.0,0.5,0.5,0.0,0.0,3,1.0,0.75,Design 1,Design 1,Only trade on Design #1,1.0,,
114,g4ux0ytr,3,s4,10,0.0,0.0,0.0,220.0,1.0,0.0,3.0,-0.7,0.4166666666666667,0.0,0.5,0.0,,0.4166666666666667,0.5,21.0,12.0,Male,1.0,1.0,1.0,5.0,5.0,0.5,0.5,0.0,0.0,3,1.0,0.75,Design 1,Design 1,Only trade on Design #1,1.0,,
115,g4ux0ytr,4,s4,13,0.0,1.0,1.0,190.0,1.0,0.0,3.0,-0.7,0.6666666666666666,0.05,0.5,0.0,,0.6166666666666666,0.5,21.0,12.0,Male,1.0,1.0,1.0,6.0,7.0,0.5,0.5,0.0,0.0,3,1.0,1.0,Design 1,Design 1,Only trade on Design #1,1.0,,
116,g4ux0ytr,5,s4,5,0.0,1.0,0.0,165.0,1.0,0.0,3.0,-0.7,0.22222222222222224,0.030303030303030304,0.0,0.0,,0.19191919191919193,0.0,21.0,12.0,Male,1.0,1.0,1.0,2.0,3.0,0.5,0.5,0.0,0.0,4,0.75,0.5,Design 1,Design 1,Only trade on Design #1,1.0,,
117,galec1ga,2,s2,13,16.0,1.0,0.0,230.0,0.0,0.0,6.0,-0.31666666666666665,0.3333333333333333,0.0,0.5,,0.8125,0.3333333333333333,,20.0,11.0,Male,1.0,1.0,1.0,6.0,7.0,0.4445215868092262,0.5101743255392598,0.025986568477602702,0.039953102746487494,4,1.0,0.5,Design 1,Design 2,"Have an option between Design #1 and Design #2,",3.0,,
118,galec1ga,3,s2,13,19.0,1.0,1.0,280.0,0.0,0.5,6.0,-0.31666666666666665,0.2916666666666667,0.0,0.0,0.0,0.6842105263157895,0.2916666666666667,0.0,20.0,11.0,Male,1.0,1.0,1.0,6.0,7.0,0.4467895190055288,0.5265505203428418,0.01875982241458811,0.023638771576724504,2,0.5,0.5,Design 1,Design 2,"Have an option between Design #1 and Design #2,",3.0,,
119,galec1ga,4,s2,4,14.0,0.0,0.0,175.0,0.0,0.5,6.0,-0.31666666666666665,0.2,0.030303030303030304,0.0,0.0,0.2857142857142857,0.1696969696969697,0.0,20.0,11.0,Male,1.0,1.0,1.0,2.0,2.0,0.45955959004478625,0.5185047935765595,0.003524520497047618,0.028779933280009554,2,1.0,0.75,Design 1,Design 2,"Have an option between Design #1 and Design #2,",3.0,,
120,galec1ga,5,s2,6,17.0,0.0,1.0,200.0,0.0,1.0,6.0,-0.31666666666666665,0.21428571428571427,0.0,0.6666666666666666,0.0,0.35294117647058826,0.21428571428571427,0.6666666666666666,20.0,11.0,Male,1.0,1.0,1.0,3.0,3.0,0.4468708652917748,0.5567884418572725,0.006551104472033444,0.012657225270276623,4,0.5,0.75,Design 1,Design 2,"Have an option between Design #1 and Design #2,",3.0,,
121,gcs54w3b,2,s2,10,16.0,0.0,0.0,240.0,1.0,0.5,5.0,-0.5,0.2631578947368421,0.0,0.0,0.0,0.625,0.2631578947368421,0.0,20.0,12.0,Male,1.0,0.0,0.0,5.0,5.0,0.4543935248555814,0.5156217142727596,0.028430882943006174,0.03224477722000751,2,0.5,0.25,Design 1,Design 1,"Have an option between Design #1 and Design #2,",4.0,,
122,gcs54w3b,3,s2,7,19.0,0.0,1.0,220.0,1.0,0.5,5.0,-0.5,0.25,0.0,1.0,0.0,0.3684210526315789,0.25,1.0,20.0,12.0,Male,1.0,0.0,0.0,3.0,4.0,0.4641078861887356,0.5485042957767735,0.03779306979127715,0.01904540309325649,4,1.0,0.5,Design 1,Design 1,"Have an option between Design #1 and Design #2,",4.0,,
123,gcs54w3b,4,s2,10,14.0,1.0,0.0,195.0,1.0,0.5,5.0,-0.5,0.3333333333333333,0.058823529411764705,0.3333333333333333,0.0,0.7142857142857143,0.2745098039215686,0.3333333333333333,20.0,12.0,Male,1.0,0.0,0.0,5.0,5.0,0.45684816835377584,0.5237642972576835,0.014254095006225018,0.07286334767448173,2,1.0,1.0,Design 1,Design 1,"Have an option between Design #1 and Design #2,",4.0,,
124,gcs54w3b,5,s2,8,17.0,1.0,1.0,225.0,1.0,0.5,5.0,-0.5,0.26666666666666666,0.0,0.75,0.0,0.47058823529411764,0.26666666666666666,0.75,20.0,12.0,Male,1.0,0.0,0.0,4.0,4.0,0.4435958965433193,0.5504697686282491,0.01068576669802681,0.02071064545680878,4,0.5,0.75,Design 1,Design 1,"Have an option between Design #1 and Design #2,",4.0,,
125,gnzz7gc4,2,s2,6,16.0,0.0,1.0,200.0,1.0,0.0,5.0,-0.4166666666666667,0.2727272727272727,0.0,0.3333333333333333,0.0,0.375,0.2727272727272727,0.3333333333333333,22.0,11.0,Male,1.0,0.0,0.0,3.0,3.0,0.4807890037606544,0.555910826317872,0.02242897268282106,0.017913966372258273,3,0.75,0.25,Design 2,Design 2,"Have an option between Design #1 and Design #2,",3.0,,
126,gnzz7gc4,3,s2,4,19.0,0.0,0.0,200.0,1.0,0.0,5.0,-0.41666666666666663,0.07142857142857142,0.0,0.0,0.0,0.21052631578947367,0.07142857142857142,0.0,22.0,11.0,Male,1.0,0.0,0.0,2.0,2.0,0.4968647073013702,0.5419255763380988,0.0031152622382230855,0.01903699644400308,3,0.75,0.25,Design 2,Design 2,"Have an option between Design #1 and Design #2,",3.0,,
127,gnzz7gc4,4,s2,6,14.0,1.0,1.0,170.0,1.0,0.0,5.0,-0.4166666666666667,0.25,0.05263157894736842,1.0,0.0,0.42857142857142855,0.19736842105263158,1.0,22.0,11.0,Male,1.0,0.0,0.0,3.0,3.0,0.44725488130818486,0.5599686515663735,0.008654075769888678,0.006371274043416325,3,0.75,0.0,Design 2,Design 2,"Have an option between Design #1 and Design #2,",3.0,,
128,gnzz7gc4,5,s2,4,17.0,1.0,0.0,185.0,1.0,0.0,5.0,-0.41666666666666663,0.08,0.0,0.0,0.0,0.23529411764705882,0.08,0.0,22.0,11.0,Male,1.0,0.0,0.0,2.0,2.0,0.4406998838664766,0.543118174854857,0.012614175562804208,0.03514194322489398,2,1.0,0.0,Design 2,Design 2,"Have an option between Design #1 and Design #2,",3.0,,
129,gy1a20qq,2,s3,14,16.0,1.0,1.0,180.0,0.0,0.5,7.0,-0.3000000000000001,0.38461538461538464,0.16666666666666666,0.0,0.25,0.875,0.21794871794871798,-0.25,20.0,12.0,Female,1.0,0.0,0.0,7.0,7.0,0.46980368798511246,0.5060207088973894,0.05165047412158042,0.048293450134475224,4,1.0,0.5,Design 1,Design 2,"Have an option between Design #1 and Design #2,",4.0,3.0,4.0
130,gy1a20qq,3,s3,14,19.0,1.0,0.0,255.0,0.0,0.0,7.0,-0.3000000000000001,0.5,0.0,1.0,0.0,0.7368421052631579,0.5,1.0,20.0,12.0,Female,1.0,0.0,0.0,10.0,10.0,0.46241006702298765,0.5351566513779347,0.019299731128943134,0.02357142793290939,4,1.0,0.5,Design 1,Design 2,"Have an option between Design #1 and Design #2,",4.0,3.0,4.0
131,gy1a20qq,4,s3,8,14.0,0.0,1.0,140.0,0.0,0.5,7.0,-0.30000000000000004,0.4,0.08,,0.16666666666666666,0.5714285714285714,0.32,,20.0,12.0,Female,1.0,0.0,0.0,4.0,4.0,0.46807462863957383,0.519045463513824,0.035749289695415236,0.04960869798446103,2,1.0,0.5,Design 1,Design 2,"Have an option between Design #1 and Design #2,",4.0,3.0,4.0
132,gy1a20qq,5,s3,10,17.0,0.0,0.0,205.0,0.0,0.5,7.0,-0.30000000000000004,0.5,0.0,1.0,0.0,0.5882352941176471,0.5,1.0,20.0,12.0,Female,1.0,0.0,0.0,5.0,5.0,0.44591690024567104,0.5416480844660241,0.02192150208864439,0.02234036904706904,4,0.5,0.5,Design 1,Design 2,"Have an option between Design #1 and Design #2,",4.0,3.0,4.0
133,hre8fq8i,2,s1,20,16.0,0.0,1.0,165.0,1.0,0.0,6.0,-0.4,0.2857142857142857,0.21428571428571427,0.0,0.25,1.25,0.07142857142857142,-0.25,22.0,12.0,Female,1.0,1.0,1.0,11.0,11.0,0.4846213610251796,0.48555183516982503,0.04938284606995889,0.02709314305199711,4,1.0,0.5,Design 1,Design 1,"Have an option between Design #1 and Design #2,",,3.0,2.0
134,hre8fq8i,3,s1,17,19.0,0.0,0.0,190.0,1.0,0.0,6.0,-0.4,0.4166666666666667,0.6,0.5,0.0,0.8947368421052632,-0.1833333333333333,0.5,22.0,12.0,Female,1.0,1.0,1.0,9.0,10.0,0.48137431986552276,0.4913049239194592,0.04168086835663269,0.039270170042329425,1,0.25,0.75,Design 1,Design 1,"Have an option between Design #1 and Design #2,",,3.0,2.0
135,hre8fq8i,4,s1,24,14.0,1.0,1.0,190.0,1.0,0.0,6.0,-0.4000000000000001,0.2857142857142857,0.4615384615384615,0.25,0.5,1.7142857142857142,-0.1758241758241758,-0.25,22.0,12.0,Female,1.0,1.0,1.0,13.0,13.0,0.49074930330239436,0.4974416004878497,0.030007819706365606,0.050630450507435906,2,1.0,0.75,Design 1,Design 1,"Have an option between Design #1 and Design #2,",,3.0,2.0
136,hre8fq8i,5,s1,22,17.0,1.0,0.0,170.0,1.0,0.0,6.0,-0.4,0.2307692307692308,0.5,0.3333333333333333,0.5,1.2941176470588236,-0.26923076923076916,-0.16666666666666669,22.0,12.0,Female,1.0,1.0,1.0,12.0,12.0,0.49509799723073583,0.507641444160459,0.05185424953237501,0.03799608686271455,5,0.25,0.75,Design 1,Design 1,"Have an option between Design #1 and Design #2,",,3.0,2.0
137,i6yb4yej,3,s1,12,19.0,1.0,0.0,205.0,0.0,0.0,7.0,-0.21666666666666667,0.3076923076923077,0.0,1.0,0.0,0.631578947368421,0.3076923076923077,1.0,23.0,11.0,Male,1.0,1.0,1.0,6.0,6.0,0.4591339313173573,0.5152070931482396,0.0343433574091317,0.05556229883995453,1,0.25,1.0,Design 2,Design 2,"Have an option between Design #1 and Design #2,",,5.0,3.0
138,i6yb4yej,4,s1,12,14.0,0.0,1.0,210.0,0.0,0.0,7.0,-0.21666666666666667,0.2222222222222222,0.15384615384615385,0.0,0.0,0.8571428571428571,0.06837606837606836,0.0,23.0,11.0,Male,1.0,1.0,1.0,6.0,6.0,0.4760670924534692,0.5139756993736903,0.048738478305213696,0.03414075124033879,2,1.0,0.75,Design 2,Design 2,"Have an option between Design #1 and Design #2,",,5.0,3.0
139,i6yb4yej,5,s1,17,17.0,0.0,0.0,210.0,0.0,0.0,7.0,-0.21666666666666667,0.6,0.14285714285714285,1.0,0.2,1.0,0.45714285714285713,0.8,23.0,11.0,Male,1.0,1.0,1.0,9.0,10.0,0.49155513512107574,0.5334281077568479,0.05613808265497569,0.0372180438522843,5,0.25,1.0,Design 2,Design 2,"Have an option between Design #1 and Design #2,",,5.0,3.0
140,in3zb9k3,2,s3,8,16.0,1.0,1.0,180.0,0.0,0.5,7.0,-0.30000000000000004,0.4,0.0,0.5,0.0,0.5,0.4,0.5,21.0,12.0,Female,1.0,1.0,1.0,4.0,4.0,0.49443065230057603,0.5337574703046002,0.03703441149081416,0.02161958359786771,4,1.0,0.75,Design 1,Design 1,"Have an option between Design #1 and Design #2,",3.0,4.0,4.0
141,in3zb9k3,3,s3,16,19.0,1.0,0.0,235.0,0.0,0.5,7.0,-0.30000000000000004,0.875,0.07142857142857142,1.0,0.0,0.8421052631578947,0.8035714285714286,1.0,21.0,12.0,Female,1.0,1.0,1.0,8.0,8.0,0.46989490840264087,0.5253524843311084,0.016067167026774066,0.02263519775835424,4,1.0,0.5,Design 1,Design 1,"Have an option between Design #1 and Design #2,",3.0,4.0,4.0
142,in3zb9k3,4,s3,10,14.0,0.0,1.0,80.0,0.0,0.5,7.0,-0.30000000000000004,1.0,0.09375,,0.0,0.7142857142857143,0.90625,,21.0,12.0,Female,1.0,1.0,1.0,5.0,5.0,0.5000348056478401,0.5289726400603296,0.02366261327469784,0.031192362989162975,2,1.0,0.5,Design 1,Design 1,"Have an option between Design #1 and Design #2,",3.0,4.0,4.0
143,in3zb9k3,5,s3,12,17.0,0.0,0.0,165.0,0.0,0.5,7.0,-0.30000000000000004,0.8333333333333334,0.0,0.0,0.0,0.7058823529411765,0.8333333333333334,0.0,21.0,12.0,Female,1.0,1.0,1.0,6.0,6.0,0.48089659828874304,0.5314309855228755,0.019187732693479825,0.022477864946608982,4,0.5,0.5,Design 1,Design 1,"Have an option between Design #1 and Design #2,",3.0,4.0,4.0
144,iwam94ip,2,s4,21,0.0,1.0,0.0,280.0,0.0,0.5,2.0,-0.6333333333333333,0.375,0.09090909090909091,0.6,0.3333333333333333,,0.28409090909090906,0.26666666666666666,20.0,10.0,Female,0.0,0.0,0.0,21.0,22.0,0.5,0.5,0.0,0.0,4,0.75,0.5,Design 1,Design 1,"Have an option between Design #1 and Design #2,",5.0,,
145,iwam94ip,3,s4,9,0.0,1.0,1.0,220.0,0.0,0.5,2.0,-0.6333333333333333,0.4166666666666667,0.0,0.0,0.0,,0.4166666666666667,0.0,20.0,10.0,Female,0.0,0.0,0.0,5.0,6.0,0.5,0.5,0.0,0.0,4,0.75,0.5,Design 1,Design 1,"Have an option between Design #1 and Design #2,",5.0,,
146,iwam94ip,4,s4,7,0.0,0.0,0.0,155.0,0.0,0.5,2.0,-0.6333333333333334,0.3,0.03846153846153847,,0.0,,0.2615384615384615,,20.0,10.0,Female,0.0,0.0,0.0,4.0,5.0,0.5,0.5,0.0,0.0,2,0.75,0.25,Design 1,Design 1,"Have an option between Design #1 and Design #2,",5.0,,
147,iwam94ip,5,s4,6,0.0,0.0,1.0,170.0,0.0,0.5,2.0,-0.6333333333333333,0.3,0.0,0.0,0.0,,0.3,0.0,20.0,10.0,Female,0.0,0.0,0.0,3.0,3.0,0.5,0.5,0.0,0.0,4,0.75,0.25,Design 1,Design 1,"Have an option between Design #1 and Design #2,",5.0,,
148,izacs7fd,2,s1,8,16.0,0.0,1.0,210.0,1.0,0.5,3.0,-0.6166666666666667,0.4,0.0,0.0,0.0,0.5,0.4,0.0,20.0,11.0,Female,1.0,0.0,0.0,4.0,4.0,0.4400727144265889,0.5190569460193473,0.014267619322220275,0.04090049815337786,2,0.5,0.75,Design 2,Design 2,"Have an option between Design #1 and Design #2,",,5.0,5.0
149,izacs7fd,3,s1,8,19.0,0.0,0.0,220.0,1.0,1.0,3.0,-0.6166666666666667,0.3076923076923077,0.0,1.0,0.0,0.42105263157894735,0.3076923076923077,1.0,20.0,11.0,Female,1.0,0.0,0.0,4.0,4.0,0.46538913090529754,0.5375338495827405,0.03727736926913037,0.014618280408756073,4,1.0,0.75,Design 2,Design 2,"Have an option between Design #1 and Design #2,",,5.0,5.0
150,izacs7fd,4,s1,6,14.0,1.0,1.0,155.0,1.0,0.5,3.0,-0.6166666666666667,0.5,0.03125,,0.0,0.42857142857142855,0.46875,,20.0,11.0,Female,1.0,0.0,0.0,3.0,3.0,0.4838813253192265,0.5292289105595419,0.037321385726877467,0.012493132577000443,5,0.25,0.75,Design 2,Design 2,"Have an option between Design #1 and Design #2,",,5.0,5.0
151,izacs7fd,5,s1,10,17.0,1.0,0.0,250.0,1.0,0.5,3.0,-0.6166666666666667,0.17391304347826086,0.0,0.0,0.0,0.5882352941176471,0.17391304347826086,0.0,20.0,11.0,Female,1.0,0.0,0.0,5.0,5.0,0.4573390799470462,0.5491848078499608,0.032656479131801294,0.025358970567499056,5,0.25,1.0,Design 2,Design 2,"Have an option between Design #1 and Design #2,",,5.0,5.0
152,j127swcg,2,s3,12,16.0,0.0,0.0,195.0,1.0,1.0,4.0,-0.5166666666666666,0.10344827586206896,0.25,0.0,0.6666666666666666,0.75,-0.14655172413793105,-0.6666666666666666,23.0,11.0,Female,1.0,0.0,1.0,7.0,7.0,0.4595812426041486,0.47008057057084596,0.028427567193974476,0.03738707728993362,5,0.75,0.25,Design 2,Design 2,"Have an option between Design #1 and Design #2,",4.0,4.0,5.0
153,j127swcg,3,s3,8,19.0,0.0,1.0,210.0,1.0,0.5,4.0,-0.5166666666666666,0.26666666666666666,0.0,0.0,0.0,0.42105263157894735,0.26666666666666666,0.0,23.0,11.0,Female,1.0,0.0,1.0,5.0,5.0,0.46457607543215823,0.5146839042309461,0.0392677612373795,0.022274821736471998,5,0.75,0.25,Design 2,Design 2,"Have an option between Design #1 and Design #2,",4.0,4.0,5.0
154,j127swcg,4,s3,4,14.0,1.0,0.0,165.0,1.0,1.0,4.0,-0.5166666666666666,0.16666666666666666,0.02857142857142857,0.0,0.0,0.2857142857142857,0.13809523809523808,0.0,23.0,11.0,Female,1.0,0.0,1.0,7.0,7.0,0.46327916989274887,0.5461803917332706,0.008784800764365948,0.04393877032041254,1,0.75,0.5,Design 2,Design 2,"Have an option between Design #1 and Design #2,",4.0,4.0,5.0
155,j127swcg,5,s3,10,17.0,1.0,1.0,225.0,1.0,0.5,4.0,-0.5166666666666666,0.3333333333333333,0.043478260869565216,0.3333333333333333,0.0,0.5882352941176471,0.28985507246376807,0.3333333333333333,23.0,11.0,Female,1.0,0.0,1.0,6.0,6.0,0.4480502307024391,0.5336941170019933,0.023549315163959084,0.04868328583089486,4,0.5,0.25,Design 2,Design 2,"Have an option between Design #1 and Design #2,",4.0,4.0,5.0
156,k744ov5s,3,s1,14,19.0,1.0,0.0,235.0,0.0,0.5,7.0,-0.3000000000000001,0.5,0.0,1.0,0.0,0.7368421052631579,0.5,1.0,21.0,12.0,Female,1.0,1.0,1.0,7.0,7.0,0.47032585626230705,0.524911344272395,0.018912690569066602,0.021912082312658097,4,1.0,0.5,Design 2,Design 2,"Have an option between Design #1 and Design #2,",,3.0,3.0
157,k744ov5s,4,s1,8,14.0,0.0,1.0,105.0,0.0,0.5,7.0,-0.30000000000000004,1.0,0.05,1.0,0.0,0.5714285714285714,0.95,1.0,21.0,12.0,Female,1.0,1.0,1.0,4.0,4.0,0.5133071227227112,0.5166634639693866,0.021215501122234907,0.031794294261611344,2,1.0,0.5,Design 2,Design 2,"Have an option between Design #1 and Design #2,",,3.0,3.0
158,k744ov5s,5,s1,14,17.0,0.0,0.0,180.0,0.0,0.5,7.0,-0.3000000000000001,0.6666666666666666,0.0,1.0,0.0,0.8235294117647058,0.6666666666666666,1.0,21.0,12.0,Female,1.0,1.0,1.0,8.0,8.0,0.48799053988919777,0.5386607380663432,0.020885707455197335,0.017295893744454328,2,1.0,0.5,Design 2,Design 2,"Have an option between Design #1 and Design #2,",,3.0,3.0
159,l1c1hcmk,2,s4,8,0.0,0.0,0.0,160.0,1.0,0.5,5.0,-0.41666666666666663,0.16666666666666666,0.047619047619047616,0.0,0.0,,0.11904761904761904,0.0,22.0,11.0,Male,1.0,1.0,1.0,4.0,4.0,0.5,0.5,0.0,0.0,3,1.0,0.25,Design 2,Design 2,"Have an option between Design #1 and Design #2,",3.0,,
160,l1c1hcmk,3,s4,8,0.0,0.0,1.0,255.0,1.0,0.0,5.0,-0.41666666666666663,0.26666666666666666,0.0,0.3333333333333333,0.0,,0.26666666666666666,0.3333333333333333,22.0,11.0,Male,1.0,1.0,1.0,4.0,4.0,0.5,0.5,0.0,0.0,3,1.0,0.5,Design 2,Design 2,"Have an option between Design #1 and Design #2,",3.0,,
161,l1c1hcmk,4,s4,1,0.0,1.0,0.0,95.0,1.0,0.0,5.0,-0.41666666666666663,0.0,0.058823529411764705,0.0,0.0,,-0.058823529411764705,0.0,22.0,11.0,Male,1.0,1.0,1.0,0.0,1.0,,0.5,,,2,0.75,0.0,Design 2,Design 2,"Have an option between Design #1 and Design #2,",3.0,,
162,l1c1hcmk,5,s4,15,0.0,1.0,1.0,240.0,1.0,0.0,5.0,-0.41666666666666663,0.35294117647058826,0.0,0.3333333333333333,0.0,,0.35294117647058826,0.3333333333333333,22.0,11.0,Male,1.0,1.0,1.0,7.0,8.0,0.5,0.5,0.0,0.0,3,1.0,0.25,Design 2,Design 2,"Have an option between Design #1 and Design #2,",3.0,,
163,leux5m59,2,s4,9,0.0,0.0,0.0,140.0,1.0,0.5,7.0,-0.30000000000000004,0.5,0.04,,0.16666666666666666,,0.46,,22.0,12.0,Male,1.0,1.0,1.0,6.0,7.0,0.5,0.5,0.0,0.0,2,0.75,0.5,Design 2,Design 2,"Have an option between Design #1 and Design #2,",2.0,,
164,leux5m59,3,s4,10,0.0,0.0,1.0,190.0,1.0,0.0,7.0,-0.30000000000000004,0.36363636363636365,0.06666666666666667,0.6666666666666666,0.0,,0.296969696969697,0.6666666666666666,22.0,12.0,Male,1.0,1.0,1.0,8.0,8.0,0.5,0.5,0.0,0.0,4,0.75,1.0,Design 2,Design 2,"Have an option between Design #1 and Design #2,",2.0,,
165,leux5m59,4,s4,3,0.0,1.0,0.0,100.0,1.0,0.5,7.0,-0.30000000000000004,0.5,0.047619047619047616,,0.20000000000000004,,0.4523809523809524,,22.0,12.0,Male,1.0,1.0,1.0,3.0,4.0,0.5,0.5,,0.0,1,0.5,1.0,Design 2,Design 2,"Have an option between Design #1 and Design #2,",2.0,,
166,leux5m59,5,s4,10,0.0,1.0,1.0,145.0,1.0,1.0,7.0,-0.30000000000000004,0.125,0.13636363636363635,0.0,0.0,,-0.011363636363636354,0.0,22.0,12.0,Male,1.0,1.0,1.0,6.0,6.0,0.5,0.5,0.0,0.0,4,0.75,1.0,Design 2,Design 2,"Have an option between Design #1 and Design #2,",2.0,,
167,lw8audd5,2,s2,12,16.0,1.0,0.0,130.0,0.0,0.5,7.0,-0.30000000000000004,0.2222222222222222,0.16666666666666666,0.0,0.2857142857142857,0.75,0.05555555555555555,-0.2857142857142857,23.0,12.0,Male,1.0,1.0,0.0,6.0,6.0,0.48550560863619313,0.49110863632037843,0.04007940443181225,0.05164995104697996,4,1.0,0.5,Design 1,Design 1,"Have an option between Design #1 and Design #2,",4.0,,
168,lw8audd5,3,s2,15,19.0,1.0,1.0,240.0,0.0,1.0,7.0,-0.30000000000000004,0.375,0.16666666666666666,,0.0,0.7894736842105263,0.20833333333333334,,23.0,12.0,Male,1.0,1.0,0.0,7.0,8.0,0.4575368980210341,0.5027118508386337,0.023451935171452214,0.031189595685136625,5,0.75,0.5,Design 1,Design 1,"Have an option between Design #1 and Design #2,",4.0,,
169,lw8audd5,4,s2,11,14.0,0.0,0.0,145.0,0.0,1.0,7.0,-0.30000000000000004,0.6,0.14285714285714285,1.0,0.25,0.7857142857142857,0.45714285714285713,0.75,23.0,12.0,Male,1.0,1.0,0.0,6.0,7.0,0.47895930810140896,0.5261700112625187,0.048745590895142785,0.04191711043133319,2,1.0,0.75,Design 1,Design 1,"Have an option between Design #1 and Design #2,",4.0,,
170,lw8audd5,5,s2,16,17.0,0.0,1.0,210.0,0.0,0.5,7.0,-0.30000000000000004,0.3125,0.23076923076923078,0.6666666666666666,0.5,0.9411764705882353,0.08173076923076922,0.16666666666666663,23.0,12.0,Male,1.0,1.0,0.0,8.0,8.0,0.4707513832748059,0.5217034951633591,0.039513188042192,0.038791152085413755,4,0.5,0.5,Design 1,Design 1,"Have an option between Design #1 and Design #2,",4.0,,
171,mbj7g6v1,2,s2,2,16.0,0.0,0.0,205.0,1.0,0.5,5.0,-0.41666666666666663,0.02631578947368421,0.0,0.125,0.0,0.125,0.02631578947368421,0.125,21.0,11.0,Male,1.0,1.0,1.0,1.0,1.0,0.4439176376077041,0.5495494947508355,,,4,1.0,0.25,Design 2,Design 2,"Have an option between Design #1 and Design #2,",5.0,,
172,mbj7g6v1,3,s2,8,19.0,0.0,1.0,185.0,1.0,0.5,5.0,-0.41666666666666663,0.3076923076923077,0.0,0.0,0.0,0.42105263157894735,0.3076923076923077,0.0,21.0,11.0,Male,1.0,1.0,1.0,4.0,4.0,0.45003426890549464,0.5031490645527157,0.007993586774894349,0.018502805797586813,5,0.75,1.0,Design 2,Design 2,"Have an option between Design #1 and Design #2,",5.0,,
173,mbj7g6v1,4,s2,12,14.0,1.0,0.0,115.0,1.0,0.5,5.0,-0.4166666666666667,1.0,0.10000000000000002,1.0,0.1111111111111111,0.8571428571428571,0.9,0.8888888888888888,21.0,11.0,Male,1.0,1.0,1.0,6.0,6.0,0.48880246603352795,0.5292165197693534,0.028483426431615916,0.03430749498983679,2,1.0,1.0,Design 2,Design 2,"Have an option between Design #1 and Design #2,",5.0,,
174,mbj7g6v1,5,s2,14,17.0,1.0,1.0,215.0,1.0,0.0,5.0,-0.41666666666666663,0.5454545454545454,0.0,1.0,0.0,0.8235294117647058,0.5454545454545454,1.0,21.0,11.0,Male,1.0,1.0,1.0,7.0,7.0,0.45983305130788255,0.5276372515821699,0.028989537410271153,0.036312276308035456,2,1.0,1.0,Design 2,Design 2,"Have an option between Design #1 and Design #2,",5.0,,
175,mi0088eg,2,s2,6,16.0,1.0,0.0,170.0,0.0,0.0,7.0,-0.30000000000000004,0.125,0.0588235294117647,0.0,0.0,0.375,0.06617647058823531,0.0,22.0,12.0,Male,1.0,1.0,1.0,3.0,3.0,0.4601218048834412,0.5025266929165808,0.03108755485561755,0.0637613454521034,4,1.0,0.5,Design 2,Design 2,"Have an option between Design #1 and Design #2,",4.0,,
176,mi0088eg,3,s2,11,19.0,1.0,1.0,210.0,0.0,0.5,7.0,-0.30000000000000004,0.4444444444444444,0.08333333333333333,0.5,0.0,0.5789473684210527,0.3611111111111111,0.5,22.0,12.0,Male,1.0,1.0,1.0,5.0,6.0,0.4848743313093971,0.5056475206454837,0.05111924430251023,0.03873912654531879,2,0.5,0.75,Design 2,Design 2,"Have an option between Design #1 and Design #2,",4.0,,
177,mi0088eg,4,s2,4,14.0,0.0,0.0,90.0,0.0,0.5,7.0,-0.30000000000000004,0.0,0.18181818181818182,0.0,0.0,0.2857142857142857,-0.18181818181818182,0.0,22.0,12.0,Male,1.0,1.0,1.0,2.0,2.0,0.44797360335932646,0.4778293061462068,0.017638943573456387,0.012977079450470995,2,1.0,0.75,Design 2,Design 2,"Have an option between Design #1 and Design #2,",4.0,,
178,mi0088eg,5,s2,14,17.0,0.0,1.0,200.0,0.0,0.5,7.0,-0.3000000000000001,0.3333333333333333,0.2,0.6666666666666666,0.5,0.8235294117647058,0.1333333333333333,0.16666666666666663,22.0,12.0,Male,1.0,1.0,1.0,7.0,7.0,0.47461327928515723,0.5187180890298875,0.03457434706090201,0.05156490590681861,5,0.25,1.0,Design 2,Design 2,"Have an option between Design #1 and Design #2,",4.0,,
179,nlp1gb1k,2,s1,16,16.0,0.0,0.0,135.0,1.0,0.5,7.0,-0.30000000000000004,0.15,0.36363636363636365,0.0,0.4,1.0,-0.21363636363636365,-0.4,20.0,12.0,Male,0.0,0.0,0.0,8.0,8.0,0.5097391488064326,0.4855501432565714,0.04769923754349089,0.03661483188116828,5,0.75,0.75,Design 2,Design 2,"Have an option between Design #1 and Design #2,",,2.0,2.0
180,nlp1gb1k,3,s1,18,19.0,0.0,1.0,155.0,1.0,0.0,7.0,-0.30000000000000004,0.2857142857142857,0.2777777777777778,0.4,0.0,0.9473684210526315,0.007936507936507908,0.4,20.0,12.0,Male,0.0,0.0,0.0,11.0,11.0,0.5094809516064495,0.4936746585316908,0.02332548088269595,0.04458894294952554,2,0.5,0.5,Design 2,Design 2,"Have an option between Design #1 and Design #2,",,2.0,2.0
181,nlp1gb1k,4,s1,16,14.0,1.0,0.0,160.0,1.0,0.0,7.0,-0.30000000000000004,0.36363636363636365,0.26666666666666666,0.25,0.0,1.1428571428571428,0.09696969696969698,0.25,20.0,12.0,Male,0.0,0.0,0.0,11.0,11.0,0.49936112819119105,0.5081025549803402,0.018839035945073267,0.03698569418531571,1,0.75,0.75,Design 2,Design 2,"Have an option between Design #1 and Design #2,",,2.0,2.0
182,nlp1gb1k,5,s1,19,17.0,1.0,1.0,150.0,1.0,0.0,7.0,-0.30000000000000004,0.25,0.35714285714285715,0.6666666666666666,0.3333333333333333,1.1176470588235294,-0.10714285714285715,0.3333333333333333,20.0,12.0,Male,0.0,0.0,0.0,14.0,15.0,0.5002591266327008,0.4977965444586485,0.03779245715722148,0.050331628709186234,5,0.25,0.75,Design 2,Design 2,"Have an option between Design #1 and Design #2,",,2.0,2.0
183,op23dxig,2,s3,1,16.0,0.0,1.0,170.0,1.0,0.5,3.0,-0.7,0.25,0.0,0.0,0.0,0.0625,0.25,0.0,23.0,12.0,Female,0.0,0.0,0.0,0.0,1.0,,0.5761373211134116,,,2,0.5,0.25,Design 2,Design 1,"Have an option between Design #1 and Design #2,",2.0,2.0,3.0
184,op23dxig,3,s3,1,19.0,0.0,0.0,180.0,1.0,0.5,3.0,-0.7,0.25,0.0,1.0,0.0,0.05263157894736842,0.25,1.0,23.0,12.0,Female,0.0,0.0,0.0,0.0,1.0,,0.5729625045047859,,,2,0.5,0.25,Design 2,Design 1,"Have an option between Design #1 and Design #2,",2.0,2.0,3.0
185,op23dxig,4,s3,2,14.0,1.0,1.0,165.0,1.0,0.5,3.0,-0.7,0.25,0.0,0.0,0.0,0.14285714285714285,0.25,0.0,23.0,12.0,Female,0.0,0.0,0.0,1.0,1.0,0.4388999887324031,0.5350732746090608,,,2,1.0,0.25,Design 2,Design 1,"Have an option between Design #1 and Design #2,",2.0,2.0,3.0
186,op23dxig,5,s3,6,17.0,1.0,0.0,230.0,1.0,0.5,3.0,-0.6999999999999998,0.15,0.0,0.0,0.0,0.35294117647058826,0.15,0.0,23.0,12.0,Female,0.0,0.0,0.0,3.0,3.0,0.43614860903016095,0.5621178831594204,0.017303298074757063,0.01815895344746951,2,1.0,0.25,Design 2,Design 1,"Have an option between Design #1 and Design #2,",2.0,2.0,3.0
187,ot80gep3,2,s1,12,16.0,0.0,0.0,205.0,1.0,0.5,7.0,-0.30000000000000004,0.38461538461538464,0.043478260869565216,0.0,0.0,0.75,0.3411371237458194,0.0,21.0,12.0,Female,1.0,1.0,1.0,10.0,10.0,0.494147433417317,0.5362203080078272,0.05669623986953867,0.033718037994888025,4,1.0,1.0,Design 1,Design 2,"Have an option between Design #1 and Design #2,",,5.0,5.0
188,ot80gep3,3,s1,10,19.0,0.0,1.0,215.0,1.0,0.5,7.0,-0.30000000000000004,0.4545454545454545,0.0,1.0,0.0,0.5263157894736842,0.4545454545454545,1.0,21.0,12.0,Female,1.0,1.0,1.0,6.0,6.0,0.46813970271842853,0.5285540700783109,0.020323950459908004,0.026497529982206038,1,0.25,0.75,Design 1,Design 2,"Have an option between Design #1 and Design #2,",,5.0,5.0
189,ot80gep3,4,s1,12,14.0,1.0,0.0,110.0,1.0,0.5,7.0,-0.30000000000000004,1.0,0.10714285714285714,1.0,0.14285714285714285,0.8571428571428571,0.8928571428571429,0.8571428571428572,21.0,12.0,Female,1.0,1.0,1.0,8.0,8.0,0.5026157693480929,0.5286214234459895,0.03426004741076824,0.03904145914936781,2,1.0,0.5,Design 1,Design 2,"Have an option between Design #1 and Design #2,",,5.0,5.0
190,ot80gep3,5,s1,16,17.0,1.0,1.0,245.0,1.0,0.5,7.0,-0.30000000000000004,0.5,0.07142857142857142,0.5,0.0,0.9411764705882353,0.4285714285714286,0.5,21.0,12.0,Female,1.0,1.0,1.0,9.0,9.0,0.4608512653581773,0.5317584938194513,0.018480038591127193,0.020306721528611793,5,0.25,1.0,Design 1,Design 2,"Have an option between Design #1 and Design #2,",,5.0,5.0
191,p4esvzkg,2,s4,3,0.0,0.0,1.0,155.0,1.0,0.5,3.0,-0.5333333333333334,0.14285714285714285,0.03571428571428571,0.5,0.0,,0.10714285714285714,0.5,23.0,10.0,Male,0.0,0.0,0.0,1.0,2.0,0.5,0.5,,0.0,3,1.0,1.0,Design 2,Design 2,"Have an option between Design #1 and Design #2,",4.0,,
192,p4esvzkg,3,s4,4,0.0,0.0,0.0,225.0,1.0,1.0,3.0,-0.5333333333333334,0.18181818181818182,0.0,0.5,0.0,,0.18181818181818182,0.5,23.0,10.0,Male,0.0,0.0,0.0,2.0,2.0,0.5,0.5,0.0,0.0,2,0.75,0.75,Design 2,Design 2,"Have an option between Design #1 and Design #2,",4.0,,
193,p4esvzkg,4,s4,1,0.0,1.0,1.0,165.0,1.0,1.0,3.0,-0.5333333333333334,0.05263157894736842,0.0,0.3333333333333333,0.0,,0.05263157894736842,0.3333333333333333,23.0,10.0,Male,0.0,0.0,0.0,0.0,1.0,,0.5,,,4,0.75,0.75,Design 2,Design 2,"Have an option between Design #1 and Design #2,",4.0,,
194,p4esvzkg,5,s4,4,0.0,1.0,0.0,160.0,1.0,0.0,3.0,-0.5333333333333334,0.14285714285714285,0.0,0.0,0.0,,0.14285714285714285,0.0,23.0,10.0,Male,0.0,0.0,0.0,2.0,2.0,0.5,0.5,0.0,0.0,4,0.75,0.5,Design 2,Design 2,"Have an option between Design #1 and Design #2,",4.0,,
195,pb727kvg,2,s2,4,16.0,0.0,1.0,220.0,1.0,0.5,2.0,-0.7166666666666666,0.08,0.0,0.0,0.0,0.25,0.08,0.0,21.0,11.0,Female,1.0,0.0,0.0,2.0,2.0,0.4546178137934837,0.5554582897841522,0.04907279039045067,0.02924456656257691,4,1.0,0.75,Design 1,Design 1,"Have an option between Design #1 and Design #2,",4.0,,
196,pb727kvg,3,s2,6,19.0,0.0,0.0,200.0,1.0,0.5,2.0,-0.7166666666666665,0.23076923076923075,0.0,1.0,0.0,0.3157894736842105,0.23076923076923075,1.0,21.0,11.0,Female,1.0,0.0,0.0,3.0,3.0,0.4506167197119076,0.5451241801137311,0.016177302363084168,0.02180687912342497,2,0.5,0.75,Design 1,Design 1,"Have an option between Design #1 and Design #2,",4.0,,
197,pb727kvg,4,s2,6,14.0,1.0,1.0,190.0,1.0,0.5,2.0,-0.7166666666666665,0.2857142857142857,0.04,0.0,0.0,0.42857142857142855,0.2457142857142857,0.0,21.0,11.0,Female,1.0,0.0,0.0,3.0,3.0,0.4647165796752532,0.5306448720088333,0.023163429760741573,0.0411018842385617,2,1.0,1.0,Design 1,Design 1,"Have an option between Design #1 and Design #2,",4.0,,
198,pb727kvg,5,s2,8,17.0,1.0,0.0,240.0,1.0,0.5,2.0,-0.7166666666666666,0.13636363636363635,0.0,0.3333333333333333,0.0,0.47058823529411764,0.13636363636363635,0.3333333333333333,21.0,11.0,Female,1.0,0.0,0.0,4.0,4.0,0.4413524443160078,0.54683493315025,0.01360499658129283,0.010263554531208016,4,0.5,0.75,Design 1,Design 1,"Have an option between Design #1 and Design #2,",4.0,,
199,pg5m7phh,2,s4,5,0.0,1.0,0.0,195.0,0.0,0.0,7.0,-0.2166666666666667,0.2,0.034482758620689655,1.0,0.0,,0.16551724137931034,1.0,21.0,11.0,Male,1.0,0.0,0.0,2.0,3.0,0.5,0.5,0.0,0.0,3,1.0,0.75,Design 2,Design 2,"Have an option between Design #1 and Design #2,",5.0,,
200,pg5m7phh,3,s4,3,0.0,1.0,1.0,200.0,0.0,0.0,7.0,-0.21666666666666667,0.13333333333333333,0.0,0.4000000000000001,0.0,,0.13333333333333333,0.4000000000000001,21.0,11.0,Male,1.0,0.0,0.0,1.0,2.0,0.5,0.5,,0.0,4,0.75,0.5,Design 2,Design 2,"Have an option between Design #1 and Design #2,",5.0,,
201,pg5m7phh,4,s4,3,0.0,0.0,0.0,210.0,0.0,0.0,7.0,-0.21666666666666667,0.1818181818181818,0.0,1.0,0.0,,0.1818181818181818,1.0,21.0,11.0,Male,1.0,0.0,0.0,1.0,2.0,0.5,0.5,,0.0,4,0.75,0.75,Design 2,Design 2,"Have an option between Design #1 and Design #2,",5.0,,
202,pg5m7phh,5,s4,6,0.0,0.0,1.0,190.0,0.0,0.0,7.0,-0.21666666666666667,0.23076923076923075,0.0,0.0,0.0,,0.23076923076923075,0.0,21.0,11.0,Male,1.0,0.0,0.0,3.0,3.0,0.5,0.5,0.0,0.0,4,0.75,1.0,Design 2,Design 2,"Have an option between Design #1 and Design #2,",5.0,,
203,pgdv91vz,2,s3,6,16.0,0.0,1.0,185.0,1.0,0.0,4.0,-0.5166666666666666,0.23076923076923075,0.0,0.5,0.0,0.375,0.23076923076923075,0.5,20.0,11.0,Male,1.0,0.0,0.0,4.0,4.0,0.46911088569342146,0.5343025965323523,0.030712070249799456,0.015490730379513387,4,1.0,0.75,Design 1,Design 1,Only trade on Design #1,3.0,1.0,1.0
204,pgdv91vz,3,s3,8,19.0,0.0,0.0,190.0,1.0,0.5,4.0,-0.5166666666666666,0.2,0.05,0.0,0.0,0.42105263157894735,0.15000000000000002,0.0,20.0,11.0,Male,1.0,0.0,0.0,7.0,7.0,0.4885840866202798,0.5176910249324905,0.008295056285106213,0.054507933685493726,2,0.5,0.75,Design 1,Design 1,Only trade on Design #1,3.0,1.0,1.0
205,pgdv91vz,4,s3,12,14.0,1.0,1.0,185.0,1.0,0.5,4.0,-0.5166666666666666,0.5,0.03125,1.0,0.0,0.8571428571428571,0.46875,1.0,20.0,11.0,Male,1.0,0.0,0.0,9.0,9.0,0.47983950128323016,0.535274164935225,0.012238756307288804,0.020427635857965386,2,1.0,0.75,Design 1,Design 1,Only trade on Design #1,3.0,1.0,1.0
206,pgdv91vz,5,s3,8,17.0,1.0,0.0,185.0,1.0,0.5,4.0,-0.5166666666666666,0.23076923076923078,0.0,0.25,0.0,0.47058823529411764,0.23076923076923078,0.25,20.0,11.0,Male,1.0,0.0,0.0,5.0,5.0,0.4844233587051297,0.5720926263837398,0.022842641498933922,0.0032859669577704146,5,0.25,1.0,Design 1,Design 1,Only trade on Design #1,3.0,1.0,1.0
207,px6py4fl,2,s3,8,16.0,0.0,0.0,200.0,1.0,0.5,7.0,-0.30000000000000004,0.23076923076923078,0.0,1.0,0.0,0.5,0.23076923076923078,1.0,23.0,12.0,Female,1.0,0.0,0.0,6.0,6.0,0.47991113124764617,0.5296655211885889,0.037882406706565085,0.042431318586995635,4,1.0,0.5,Design 2,Design 2,"Have an option between Design #1 and Design #2,",5.0,5.0,5.0
208,px6py4fl,3,s3,10,19.0,0.0,1.0,225.0,1.0,0.5,7.0,-0.30000000000000004,0.3333333333333333,0.0,0.0,0.0,0.5263157894736842,0.3333333333333333,0.0,23.0,12.0,Female,1.0,0.0,0.0,5.0,5.0,0.4576997010919599,0.523952569952735,0.016303437868939456,0.011141039217541525,2,0.5,0.75,Design 2,Design 2,"Have an option between Design #1 and Design #2,",5.0,5.0,5.0
209,px6py4fl,4,s3,8,14.0,1.0,0.0,160.0,1.0,0.5,7.0,-0.30000000000000004,0.4,0.06451612903225806,1.0,0.16666666666666666,0.5714285714285714,0.33548387096774196,0.8333333333333334,23.0,12.0,Female,1.0,0.0,0.0,4.0,4.0,0.4955038384325873,0.5487142006252772,0.04331470995442463,0.018780063830629207,2,1.0,0.75,Design 2,Design 2,"Have an option between Design #1 and Design #2,",5.0,5.0,5.0
210,px6py4fl,5,s3,12,17.0,1.0,1.0,230.0,1.0,0.5,7.0,-0.30000000000000004,0.5,0.0,0.75,0.0,0.7058823529411765,0.5,0.75,23.0,12.0,Female,1.0,0.0,0.0,6.0,6.0,0.4739965124126693,0.5440120481193587,0.03522346506214231,0.030956062764362673,4,0.5,0.75,Design 2,Design 2,"Have an option between Design #1 and Design #2,",5.0,5.0,5.0
211,q5w3ghvj,2,s3,21,16.0,1.0,1.0,230.0,0.0,0.0,5.0,-0.4166666666666667,0.3076923076923077,0.2857142857142857,0.8333333333333334,0.0,1.3125,0.02197802197802201,0.8333333333333334,21.0,11.0,Male,1.0,0.0,0.0,10.0,11.0,0.5008678893602152,0.5270188768245071,0.055464395279249734,0.04207316566786293,4,1.0,0.5,Design 2,Design 2,"Have an option between Design #1 and Design #2,",5.0,1.0,3.0
212,q5w3ghvj,3,s3,15,19.0,1.0,0.0,250.0,0.0,0.5,5.0,-0.41666666666666663,0.29411764705882354,0.1,1.0,0.0,0.7894736842105263,0.19411764705882353,1.0,21.0,11.0,Male,1.0,0.0,0.0,7.0,8.0,0.4671203043930059,0.5205151104825041,0.033060298027976665,0.04410306156565435,2,0.5,0.75,Design 2,Design 2,"Have an option between Design #1 and Design #2,",5.0,1.0,3.0
213,q5w3ghvj,4,s3,16,14.0,0.0,1.0,205.0,0.0,0.5,5.0,-0.41666666666666663,0.25,0.058823529411764705,0.5,0.3333333333333333,1.1428571428571428,0.19117647058823528,0.16666666666666669,21.0,11.0,Male,1.0,0.0,0.0,8.0,8.0,0.47710038434788093,0.520173619983646,0.04313279979368175,0.0495066311751685,2,1.0,0.75,Design 2,Design 2,"Have an option between Design #1 and Design #2,",5.0,1.0,3.0
214,q5w3ghvj,5,s3,12,17.0,0.0,0.0,210.0,0.0,0.0,5.0,-0.4166666666666667,0.38461538461538464,0.041666666666666664,0.5,0.25,0.7058823529411765,0.34294871794871795,0.25,21.0,11.0,Male,1.0,0.0,0.0,6.0,6.0,0.48937335797704024,0.5518436728301092,0.04511189899846854,0.032163373292147045,4,0.5,0.75,Design 2,Design 2,"Have an option between Design #1 and Design #2,",5.0,1.0,3.0
215,qzgbjdzz,2,s2,13,16.0,1.0,0.0,230.0,0.0,0.5,6.0,-0.31666666666666665,0.46153846153846156,0.0,0.5,0.0,0.8125,0.46153846153846156,0.5,22.0,11.0,Male,1.0,0.0,0.0,6.0,7.0,0.4827035515821969,0.538197643015574,0.05809282562603586,0.03788548239389963,2,0.5,0.5,Design 1,Design 2,"Have an option between Design #1 and Design #2,",5.0,,
216,qzgbjdzz,3,s2,10,19.0,1.0,1.0,230.0,0.0,0.5,6.0,-0.31666666666666665,0.3125,0.0,1.0,0.0,0.5263157894736842,0.3125,1.0,22.0,11.0,Male,1.0,0.0,0.0,5.0,5.0,0.44745091306261076,0.5331300251110233,0.012942984922577077,0.026472187260132042,2,0.5,1.0,Design 1,Design 2,"Have an option between Design #1 and Design #2,",5.0,,
217,qzgbjdzz,4,s2,6,14.0,0.0,0.0,130.0,0.0,0.5,6.0,-0.31666666666666665,0.1111111111111111,0.125,0.3333333333333333,0.0,0.42857142857142855,-0.013888888888888895,0.3333333333333333,22.0,11.0,Male,1.0,0.0,0.0,3.0,3.0,0.46420867155752915,0.4828944294617045,0.04258721407017387,0.07365994414899596,2,1.0,0.75,Design 1,Design 2,"Have an option between Design #1 and Design #2,",5.0,,
218,qzgbjdzz,5,s2,8,17.0,0.0,1.0,195.0,0.0,0.5,6.0,-0.31666666666666665,0.13043478260869565,0.0,0.25,0.0,0.47058823529411764,0.13043478260869565,0.25,22.0,11.0,Male,1.0,0.0,0.0,4.0,4.0,0.4713309251421931,0.5449611363473562,0.03416340492776132,0.05488714460958403,5,0.25,1.0,Design 1,Design 2,"Have an option between Design #1 and Design #2,",5.0,,
219,r6br4dt3,2,s2,4,16.0,0.0,1.0,195.0,1.0,0.0,7.0,-0.30000000000000004,0.18181818181818182,0.0,0.0,0.0,0.25,0.18181818181818182,0.0,26.0,12.0,Male,0.0,1.0,1.0,2.0,2.0,0.48667673201326767,0.5675364275987098,0.06047049122313955,0.01216350025701825,4,1.0,1.0,Design 1,Design 1,"Have an option between Design #1 and Design #2,",2.0,,
220,r6br4dt3,3,s2,10,19.0,0.0,0.0,235.0,1.0,0.0,7.0,-0.30000000000000004,0.2777777777777778,0.0,0.5,0.0,0.5263157894736842,0.2777777777777778,0.5,26.0,12.0,Male,0.0,1.0,1.0,6.0,6.0,0.47155832583701746,0.5295193802788835,0.029840507046346654,0.029610351273942914,2,0.5,0.5,Design 1,Design 1,"Have an option between Design #1 and Design #2,",2.0,,
221,r6br4dt3,4,s2,2,14.0,1.0,1.0,135.0,1.0,0.5,7.0,-0.30000000000000004,,0.0,,0.0,0.14285714285714285,,,26.0,12.0,Male,0.0,1.0,1.0,1.0,1.0,0.4694909620846048,0.5617190733230237,,,2,1.0,0.75,Design 1,Design 1,"Have an option between Design #1 and Design #2,",2.0,,
222,r6br4dt3,5,s2,10,17.0,1.0,0.0,195.0,1.0,0.0,7.0,-0.30000000000000004,0.3333333333333333,0.05,0.5,0.0,0.5882352941176471,0.2833333333333333,0.5,26.0,12.0,Male,0.0,1.0,1.0,5.0,5.0,0.45966436330407473,0.5390403443720476,0.011431162175610902,0.02123112528166453,4,0.5,1.0,Design 1,Design 1,"Have an option between Design #1 and Design #2,",2.0,,
223,rishpgae,2,s1,6,16.0,0.0,1.0,250.0,1.0,1.0,7.0,-0.30000000000000004,0.1111111111111111,0.0,0.0,0.0,0.375,0.1111111111111111,0.0,22.0,12.0,Male,1.0,1.0,1.0,4.0,4.0,0.4467298869197635,0.521182958403161,0.01762634024564448,0.06297472261578704,5,0.75,1.0,Design 2,Design 2,"Have an option between Design #1 and Design #2,",,1.0,1.0
224,rishpgae,3,s1,4,19.0,0.0,0.0,155.0,1.0,1.0,7.0,-0.30000000000000004,0.029411764705882353,0.1111111111111111,0.0,0.0,0.21052631578947367,-0.08169934640522875,0.0,22.0,12.0,Male,1.0,1.0,1.0,3.0,3.0,0.4989637325488082,0.4789256912526658,0.006083732210913415,0.016491377306703244,5,0.75,1.0,Design 2,Design 2,"Have an option between Design #1 and Design #2,",,1.0,1.0
225,rishpgae,4,s1,8,14.0,1.0,1.0,125.0,1.0,1.0,7.0,-0.30000000000000004,0.3333333333333333,0.047619047619047616,0.0,0.0,0.5714285714285714,0.2857142857142857,0.0,22.0,12.0,Male,1.0,1.0,1.0,12.0,12.0,0.519911712625615,0.514704135176929,0.018509191535649144,0.04269495209661628,5,0.25,1.0,Design 2,Design 2,"Have an option between Design #1 and Design #2,",,1.0,1.0
226,rishpgae,5,s1,12,17.0,1.0,0.0,120.0,1.0,0.5,7.0,-0.30000000000000004,0.25,0.06666666666666667,0.25,0.0,0.7058823529411765,0.18333333333333335,0.25,22.0,12.0,Male,1.0,1.0,1.0,20.0,20.0,0.5049416661858405,0.5206273903896962,0.01903935318475802,0.029337099928573626,5,0.25,1.0,Design 2,Design 2,"Have an option between Design #1 and Design #2,",,1.0,1.0
227,s1qm3487,2,s3,21,16.0,1.0,0.0,215.0,0.0,0.5,1.0,-0.8166666666666667,0.6153846153846154,0.11538461538461539,0.0,0.2857142857142857,1.3125,0.5,-0.2857142857142857,19.0,11.0,Male,0.0,0.0,0.0,22.0,23.0,0.5073765625840198,0.5377439771134173,0.044955952201147176,0.030357973847695386,4,1.0,0.75,Design 2,Design 2,Only trade on Design #1,5.0,5.0,5.0
228,s1qm3487,3,s3,21,19.0,1.0,1.0,185.0,0.0,1.0,1.0,-0.8166666666666667,0.19047619047619047,0.29411764705882354,0.25,0.4,1.105263157894737,-0.10364145658263307,-0.15000000000000002,19.0,11.0,Male,0.0,0.0,0.0,36.0,37.0,0.4886767419770238,0.49743246070253827,0.03878074382141787,0.043420535707240714,1,0.25,0.25,Design 2,Design 2,Only trade on Design #1,5.0,5.0,5.0
229,s1qm3487,4,s3,17,14.0,0.0,0.0,105.0,0.0,0.5,1.0,-0.8166666666666667,0.625,0.14285714285714285,1.0,0.0,1.2142857142857142,0.48214285714285715,1.0,19.0,11.0,Male,0.0,0.0,0.0,12.0,13.0,0.504865645819129,0.5117058372217558,0.05619520910272486,0.03277352432075465,1,0.75,1.0,Design 2,Design 2,Only trade on Design #1,5.0,5.0,5.0
230,s1qm3487,5,s3,8,17.0,0.0,1.0,100.0,0.0,0.5,1.0,-0.8166666666666667,0.6666666666666666,0.0,,0.0,0.47058823529411764,0.6666666666666666,,19.0,11.0,Male,0.0,0.0,0.0,7.0,7.0,0.5562082793812717,0.5560120355797475,0.029506450984300128,0.022586422547598045,1,0.75,1.0,Design 2,Design 2,Only trade on Design #1,5.0,5.0,5.0
231,sxogauy0,2,s4,9,0.0,0.0,1.0,180.0,1.0,0.0,3.0,-0.7,0.3,0.1,0.5,0.25,,0.19999999999999998,0.25,19.0,12.0,Female,1.0,0.0,1.0,5.0,6.0,0.5,0.5,0.0,0.0,3,1.0,0.25,Design 2,Design 1,"Have an option between Design #1 and Design #2,",4.0,,
232,sxogauy0,3,s4,18,0.0,0.0,0.0,245.0,1.0,0.0,3.0,-0.7,0.5333333333333333,0.058823529411764705,0.5,0.0,,0.4745098039215686,0.5,19.0,12.0,Female,1.0,0.0,1.0,10.0,10.0,0.5,0.5,0.0,0.0,4,0.75,0.25,Design 2,Design 1,"Have an option between Design #1 and Design #2,",4.0,,
233,sxogauy0,4,s4,27,0.0,1.0,1.0,110.0,1.0,0.5,3.0,-0.7,0.5,0.35294117647058826,0.5,0.3333333333333333,,0.14705882352941174,0.16666666666666669,19.0,12.0,Female,1.0,0.0,1.0,15.0,16.0,0.5,0.5,0.0,0.0,2,0.75,0.25,Design 2,Design 1,"Have an option between Design #1 and Design #2,",4.0,,
234,sxogauy0,5,s4,17,0.0,1.0,0.0,170.0,1.0,0.0,3.0,-0.7,0.625,0.11764705882352941,1.0,0.25,,0.5073529411764706,0.75,19.0,12.0,Female,1.0,0.0,1.0,12.0,13.0,0.5,0.5,0.0,0.0,4,0.75,0.5,Design 2,Design 1,"Have an option between Design #1 and Design #2,",4.0,,
235,v3ju8jv9,3,s4,5,0.0,1.0,1.0,195.0,0.0,0.0,3.0,-0.7,0.5,0.0,,0.0,,0.5,,22.0,12.0,Male,1.0,1.0,1.0,2.0,3.0,0.5,0.5,0.0,0.0,5,0.5,1.0,Design 1,Design 1,Only trade on Design #1,4.0,,
236,v3ju8jv9,4,s4,16,0.0,0.0,0.0,165.0,0.0,0.0,3.0,-0.7,0.6,0.05555555555555555,1.0,0.0,,0.5444444444444444,1.0,22.0,12.0,Male,1.0,1.0,1.0,8.0,8.0,0.5,0.5,0.0,0.0,4,0.75,0.5,Design 1,Design 1,Only trade on Design #1,4.0,,
237,v3ju8jv9,5,s4,26,0.0,0.0,1.0,165.0,0.0,0.0,3.0,-0.7,0.6,0.3,1.0,0.3333333333333333,,0.3,0.6666666666666667,22.0,12.0,Male,1.0,1.0,1.0,15.0,15.0,0.5,0.5,0.0,0.0,4,0.75,0.5,Design 1,Design 1,Only trade on Design #1,4.0,,
238,vha118yy,2,s3,12,16.0,1.0,1.0,170.0,0.0,0.5,5.0,-0.5,0.5,0.09523809523809523,1.0,0.25,0.75,0.40476190476190477,0.75,23.0,12.0,Male,0.0,0.0,0.0,6.0,6.0,0.49448821002225324,0.5238297358658633,0.04585049673874729,0.04360436772808063,4,1.0,0.75,Design 1,Design 2,"Have an option between Design #1 and Design #2,",3.0,2.0,3.0
239,vha118yy,3,s3,18,19.0,1.0,0.0,230.0,0.0,0.5,5.0,-0.5,0.6363636363636364,0.058823529411764705,1.0,0.0,0.9473684210526315,0.5775401069518716,1.0,23.0,12.0,Male,0.0,0.0,0.0,9.0,9.0,0.4711445453513829,0.5235540114088651,0.015989317319944064,0.03873694021387894,4,1.0,0.75,Design 1,Design 2,"Have an option between Design #1 and Design #2,",3.0,2.0,3.0
240,vha118yy,4,s3,10,14.0,0.0,1.0,195.0,0.0,0.5,5.0,-0.5,0.42857142857142855,0.03333333333333333,,0.0,0.7142857142857143,0.3952380952380952,,23.0,12.0,Male,0.0,0.0,0.0,6.0,6.0,0.47605623056648694,0.519771893589064,0.04316337645284659,0.013758898094343988,4,0.5,0.75,Design 1,Design 2,"Have an option between Design #1 and Design #2,",3.0,2.0,3.0
241,vha118yy,5,s3,12,17.0,0.0,0.0,250.0,0.0,0.5,5.0,-0.5,0.38461538461538464,0.0,1.0,0.0,0.7058823529411765,0.38461538461538464,1.0,23.0,12.0,Male,0.0,0.0,0.0,6.0,6.0,0.43610421103656555,0.5329376786839167,0.01357344767760776,0.02637238203234949,4,0.5,0.75,Design 1,Design 2,"Have an option between Design #1 and Design #2,",3.0,2.0,3.0
242,vjy9du3z,2,s3,8,16.0,0.0,0.0,200.0,1.0,0.5,10.0,0.0,0.17647058823529413,0.058823529411764705,0.0,0.0,0.5,0.11764705882352942,0.0,22.0,12.0,Male,1.0,0.0,0.0,6.0,6.0,0.46901575111915583,0.5325415569362782,0.0418222633657083,0.029315205563304754,2,0.5,0.25,Design 2,Design 2,"Have an option between Design #1 and Design #2,",5.0,4.0,5.0
243,vjy9du3z,4,s3,10,14.0,1.0,0.0,175.0,1.0,0.5,10.0,0.0,0.5,0.03225806451612903,1.0,0.125,0.7142857142857143,0.467741935483871,0.875,22.0,12.0,Male,1.0,0.0,0.0,5.0,5.0,0.48228300944374053,0.5502642666131915,0.03791654563634596,0.031049606342454423,2,1.0,0.25,Design 2,Design 2,"Have an option between Design #1 and Design #2,",5.0,4.0,5.0
244,vjy9du3z,5,s3,14,17.0,1.0,1.0,245.0,1.0,1.0,10.0,0.0,0.5384615384615384,0.0,0.75,0.0,0.8235294117647058,0.5384615384615384,0.75,22.0,12.0,Male,1.0,0.0,0.0,7.0,7.0,0.475942929550585,0.5487233335046028,0.022701125438745938,0.01926496967767613,5,0.25,1.0,Design 2,Design 2,"Have an option between Design #1 and Design #2,",5.0,4.0,5.0
245,vrwqe4da,2,s2,6,16.0,0.0,1.0,185.0,1.0,0.5,5.0,-0.5,0.2727272727272727,0.0,0.0,0.0,0.375,0.2727272727272727,0.0,20.0,12.0,Female,1.0,0.0,1.0,3.0,3.0,0.45129047914639564,0.5115289577089681,0.03953299058655629,0.0594134147479275,4,1.0,0.5,Design 2,Design 2,"Have an option between Design #1 and Design #2,",5.0,,
246,vrwqe4da,3,s2,1,19.0,0.0,0.0,170.0,1.0,0.5,5.0,-0.5,0.041666666666666664,0.0,0.0,0.0,0.05263157894736842,0.041666666666666664,0.0,20.0,12.0,Female,1.0,0.0,1.0,0.0,1.0,,0.5357259670782416,,,4,1.0,0.75,Design 2,Design 2,"Have an option between Design #1 and Design #2,",5.0,,
247,vrwqe4da,4,s2,2,14.0,1.0,1.0,145.0,1.0,0.5,5.0,-0.5,0.0,0.030303030303030304,,0.0,0.14285714285714285,-0.030303030303030304,,20.0,12.0,Female,1.0,0.0,1.0,1.0,1.0,0.4439854633835125,0.5179404569050043,,,2,1.0,0.5,Design 2,Design 2,"Have an option between Design #1 and Design #2,",5.0,,
248,vrwqe4da,5,s2,8,17.0,1.0,0.0,215.0,1.0,0.5,5.0,-0.5,0.3076923076923077,0.0,0.3333333333333333,0.0,0.47058823529411764,0.3076923076923077,0.3333333333333333,20.0,12.0,Female,1.0,0.0,1.0,4.0,4.0,0.44839211828318803,0.5381465208191384,0.006153710738884807,0.01955453475778674,2,1.0,0.75,Design 2,Design 2,"Have an option between Design #1 and Design #2,",5.0,,
249,wpwzt9j0,2,s2,16,16.0,1.0,1.0,225.0,0.0,1.0,7.0,-0.30000000000000004,0.24,0.125,0.0,0.0,1.0,0.11499999999999999,0.0,22.0,12.0,Male,1.0,1.0,1.0,8.0,8.0,0.5026654364535696,0.4984343046039321,0.02616995276795812,0.027369608337773334,5,0.75,1.0,Design 2,Design 2,"Have an option between Design #1 and Design #2,",3.0,,
250,wpwzt9j0,3,s2,18,19.0,1.0,0.0,225.0,0.0,1.0,7.0,-0.30000000000000004,0.3684210526315789,0.2222222222222222,0.6666666666666666,0.0,0.9473684210526315,0.14619883040935672,0.6666666666666666,22.0,12.0,Male,1.0,1.0,1.0,10.0,10.0,0.480760932399481,0.5032525603227261,0.04153656370481584,0.043435068915440106,5,0.75,0.75,Design 2,Design 2,"Have an option between Design #1 and Design #2,",3.0,,
251,wpwzt9j0,4,s2,20,14.0,0.0,1.0,205.0,0.0,0.5,7.0,-0.30000000000000004,0.3076923076923077,0.2857142857142857,0.5,0.0,1.4285714285714286,0.02197802197802201,0.5,22.0,12.0,Male,1.0,1.0,1.0,11.0,11.0,0.4871634525589414,0.5138434465627533,0.035302119876685085,0.04913595382897425,5,0.25,0.75,Design 2,Design 2,"Have an option between Design #1 and Design #2,",3.0,,
252,wpwzt9j0,5,s2,18,17.0,0.0,0.0,195.0,0.0,1.0,7.0,-0.30000000000000004,0.3076923076923077,0.3333333333333333,0.6666666666666666,0.0,1.0588235294117647,-0.025641025641025605,0.6666666666666666,22.0,12.0,Male,1.0,1.0,1.0,10.0,10.0,0.4732378522147384,0.5086531187910198,0.041299472782124404,0.040615644871272706,5,0.25,0.5,Design 2,Design 2,"Have an option between Design #1 and Design #2,",3.0,,
253,wrahuh7u,2,s2,13,16.0,1.0,1.0,170.0,0.0,0.5,8.0,-0.19999999999999998,0.5,0.04,1.0,0.0,0.8125,0.46,1.0,20.0,12.0,Female,1.0,0.0,1.0,6.0,7.0,0.49472402134941107,0.531350111104458,0.055052739678611455,0.025262220125442127,4,1.0,0.25,Design 2,Design 2,"Have an option between Design #1 and Design #2,",4.0,,
254,wrahuh7u,3,s2,14,19.0,1.0,0.0,225.0,0.0,0.5,8.0,-0.19999999999999996,0.7,0.0,1.0,0.0,0.7368421052631579,0.7,1.0,20.0,12.0,Female,1.0,0.0,1.0,7.0,7.0,0.47038365252984216,0.5296600293088909,0.014070118484863075,0.02062268723933704,4,1.0,1.0,Design 2,Design 2,"Have an option between Design #1 and Design #2,",4.0,,
255,wrahuh7u,4,s2,8,14.0,0.0,1.0,130.0,0.0,0.5,8.0,-0.19999999999999996,1.0,0.03333333333333333,,0.125,0.5714285714285714,0.9666666666666667,,20.0,12.0,Female,1.0,0.0,1.0,4.0,4.0,0.47693532275191125,0.5385805632979578,0.02175441846736116,0.02932498786920894,2,1.0,0.5,Design 2,Design 2,"Have an option between Design #1 and Design #2,",4.0,,
256,wrahuh7u,5,s2,12,17.0,0.0,0.0,215.0,0.0,0.5,8.0,-0.19999999999999996,0.4166666666666667,0.0,1.0,0.0,0.7058823529411765,0.4166666666666667,1.0,20.0,12.0,Female,1.0,0.0,1.0,6.0,6.0,0.46924827649694617,0.5436728452762751,0.01709332801136559,0.018320003642331464,2,1.0,0.5,Design 2,Design 2,"Have an option between Design #1 and Design #2,",4.0,,
257,y0d7uk3z,2,s1,6,16.0,0.0,1.0,190.0,1.0,0.0,7.0,-0.30000000000000004,0.1818181818181818,0.041666666666666664,0.5,0.0,0.375,0.14015151515151514,0.5,21.0,12.0,Female,1.0,0.0,0.0,3.0,3.0,0.47543595144348494,0.5360814490928808,0.04698303521312678,0.04822173213823404,4,1.0,1.0,Design 2,Design 2,"Have an option between Design #1 and Design #2,",,4.0,3.0
258,y0d7uk3z,3,s1,12,19.0,0.0,0.0,225.0,1.0,0.5,7.0,-0.30000000000000004,0.2631578947368421,0.1111111111111111,0.5,0.0,0.631578947368421,0.15204678362573099,0.5,21.0,12.0,Female,1.0,0.0,0.0,6.0,6.0,0.45515184126782815,0.5211240579195012,0.012809966341957925,0.030122731012182134,4,1.0,0.5,Design 2,Design 2,"Have an option between Design #1 and Design #2,",,4.0,3.0
259,y0d7uk3z,4,s1,6,14.0,1.0,1.0,155.0,1.0,0.5,7.0,-0.30000000000000004,0.3333333333333333,0.023809523809523808,1.0,0.0,0.42857142857142855,0.30952380952380953,1.0,21.0,12.0,Female,1.0,0.0,0.0,3.0,3.0,0.4890095987050666,0.545322177633223,0.05147403184491552,0.0261955031592095,2,1.0,1.0,Design 2,Design 2,"Have an option between Design #1 and Design #2,",,4.0,3.0
260,y0d7uk3z,5,s1,10,17.0,1.0,0.0,230.0,1.0,0.5,7.0,-0.30000000000000004,0.21052631578947367,0.0,0.0,0.0,0.5882352941176471,0.21052631578947367,0.0,21.0,12.0,Female,1.0,0.0,0.0,5.0,5.0,0.4622706325463025,0.5531826001813535,0.024771326416723558,0.024439532357481107,4,0.5,0.0,Design 2,Design 2,"Have an option between Design #1 and Design #2,",,4.0,3.0
261,yq3wii2n,2,s2,8,16.0,0.0,1.0,210.0,1.0,0.5,5.0,-0.41666666666666663,0.4,0.0,0.0,0.0,0.5,0.4,0.0,21.0,11.0,Female,1.0,0.0,0.0,4.0,4.0,0.45188785282310323,0.5309047351927686,0.02654842610458605,0.034045963563793004,4,1.0,0.25,Design 1,Design 1,"Have an option between Design #1 and Design #2,",3.0,,
262,yq3wii2n,3,s2,12,19.0,0.0,0.0,270.0,1.0,0.5,5.0,-0.4166666666666667,0.375,0.0,1.0,0.0,0.631578947368421,0.375,1.0,21.0,11.0,Female,1.0,0.0,0.0,6.0,6.0,0.44950711818285755,0.5359842490572589,0.01088035184388195,0.012542000895667245,2,0.5,0.5,Design 1,Design 1,"Have an option between Design #1 and Design #2,",3.0,,
263,yq3wii2n,4,s2,8,14.0,1.0,1.0,195.0,1.0,0.5,5.0,-0.41666666666666663,0.3333333333333333,0.043478260869565216,1.0,0.0,0.5714285714285714,0.28985507246376807,1.0,21.0,11.0,Female,1.0,0.0,0.0,4.0,4.0,0.44797854790584846,0.5369238888451933,0.007212728910216917,0.013172493078837402,2,1.0,0.5,Design 1,Design 1,"Have an option between Design #1 and Design #2,",3.0,,
264,yq3wii2n,5,s2,10,17.0,1.0,0.0,200.0,1.0,0.5,5.0,-0.41666666666666663,0.3076923076923077,0.0,0.5,0.0,0.5882352941176471,0.3076923076923077,0.5,21.0,11.0,Female,1.0,0.0,0.0,5.0,5.0,0.46449936725449226,0.5482374783452771,0.013801532960078832,0.024081934306650878,4,0.5,0.75,Design 1,Design 1,"Have an option between Design #1 and Design #2,",3.0,,
265,yt3h0how,2,s4,7,0.0,1.0,0.0,140.0,0.0,0.0,5.0,-0.5,0.18181818181818182,0.09090909090909091,0.0,0.4,,0.09090909090909091,-0.4,21.0,12.0,Male,1.0,1.0,1.0,3.0,4.0,0.5,0.5,0.0,0.0,2,0.75,0.5,Design 2,Design 2,"Have an option between Design #1 and Design #2,",3.0,,
266,yt3h0how,3,s4,6,0.0,1.0,1.0,245.0,0.0,0.0,5.0,-0.5,0.17647058823529413,0.0,0.25,0.0,,0.17647058823529413,0.25,21.0,12.0,Male,1.0,1.0,1.0,3.0,3.0,0.5,0.5,0.0,0.0,3,1.0,0.5,Design 2,Design 2,"Have an option between Design #1 and Design #2,",3.0,,
267,yt3h0how,4,s4,5,0.0,0.0,0.0,125.0,0.0,0.0,5.0,-0.5,0.14285714285714285,0.2857142857142857,,0.5,,-0.14285714285714285,,21.0,12.0,Male,1.0,1.0,1.0,2.0,3.0,0.5,0.5,0.0,0.0,4,0.75,0.5,Design 2,Design 2,"Have an option between Design #1 and Design #2,",3.0,,
268,yt3h0how,5,s4,4,0.0,0.0,1.0,170.0,0.0,0.5,5.0,-0.5,0.03333333333333333,0.09090909090909091,0.0,1.0,,-0.05757575757575758,-1.0,21.0,12.0,Male,1.0,1.0,1.0,2.0,2.0,0.5,0.5,0.0,0.0,4,0.75,0.75,Design 2,Design 2,"Have an option between Design #1 and Design #2,",3.0,,
269,zzc584nm,2,s1,4,16.0,1.0,1.0,210.0,0.0,0.5,7.0,-0.21666666666666667,0.10526315789473684,0.0,0.3333333333333333,0.0,0.25,0.10526315789473684,0.3333333333333333,21.0,11.0,Male,1.0,1.0,0.0,2.0,2.0,0.43191787427217704,0.5378810575513545,0.01697022805436976,0.06151307549618366,4,1.0,0.5,Design 1,Design 1,"Have an option between Design #1 and Design #2,",,3.0,3.0
270,zzc584nm,3,s1,3,19.0,1.0,0.0,230.0,0.0,0.5,7.0,-0.21666666666666667,0.07692307692307693,0.0,0.4000000000000001,0.0,0.15789473684210525,0.07692307692307693,0.4000000000000001,21.0,11.0,Male,1.0,1.0,0.0,1.0,2.0,0.443819468959905,0.5662724766692302,,0.009461128097696307,4,1.0,0.25,Design 1,Design 1,"Have an option between Design #1 and Design #2,",,3.0,3.0
271,zzc584nm,4,s1,4,14.0,0.0,1.0,185.0,0.0,0.5,7.0,-0.21666666666666667,0.16666666666666666,0.0,1.0,0.0,0.2857142857142857,0.16666666666666666,1.0,21.0,11.0,Male,1.0,1.0,0.0,2.0,2.0,0.43974322506454055,0.5545536798273897,0.005999430965508999,0.010133396661265639,4,0.5,1.0,Design 1,Design 1,"Have an option between Design #1 and Design #2,",,3.0,3.0
272,zzc584nm,5,s1,6,17.0,0.0,0.0,195.0,0.0,0.5,7.0,-0.21666666666666667,0.375,0.0,0.6666666666666666,0.0,0.35294117647058826,0.375,0.6666666666666666,21.0,11.0,Male,1.0,1.0,0.0,3.0,3.0,0.44137647013168685,0.5451848366235715,0.010726186517373911,0.035043105599476404,4,0.5,0.25,Design 1,Design 1,"Have an option between Design #1 and Design #2,",,3.0,3.0
